ID,Tipo,SKU,"GTIN, UPC, EAN o ISBN",Nombre,Publicado,"¿Está destacado?","Visibilidad en el catálogo","Descripción corta",Descripción,"Día en que empieza el precio rebajado","Día en que termina el precio rebajado","Estado del impuesto","Clase de impuesto",¿Existencias?,Inventario,"Cantidad de bajo inventario","¿Permitir reservas de productos agotados?","¿Vendido individualmente?","Peso (kg)","Longitud (cm)","Anchura (cm)","Altura (cm)","¿Permitir valoraciones de clientes?","Nota de compra","Precio rebajado","Precio normal",Categorías,Etiquetas,"Clase de envío",Imágenes,"Límite de descargas","Días de caducidad de la descarga",Superior,"Productos agrupados","Ventas dirigidas","Ventas cruzadas","URL externa","Texto del botón",Posición,Marcas
1022,simple,,,"Servicio técnico computadores",1,0,visible,,,,,taxable,,1,,,0,0,,,,,0,,,49000,"Sin categoría",,,https://tntltda.com/wp-content/uploads/2021/11/serv.png,,,,,,,,,0,
3008,simple,,,"CELULAR SAMSUNG A05",1,0,visible,,"[et_pb_section fb_built=""1"" _builder_version=""4.16"" custom_padding=""0px||||false|false"" collapsed=""on"" global_colors_info=""{}""][et_pb_row _builder_version=""4.16"" background_size=""initial"" background_position=""top_left"" background_repeat=""repeat"" width=""100%"" custom_padding=""0px||0px||false|false"" global_colors_info=""{}""][et_pb_column type=""4_4"" _builder_version=""4.16"" custom_padding=""|||"" global_colors_info=""{}"" custom_padding__hover=""|||""][et_pb_wc_breadcrumb _builder_version=""4.16"" global_colors_info=""{}""][/et_pb_wc_breadcrumb][et_pb_wc_cart_notice _builder_version=""4.16"" global_colors_info=""{}""][/et_pb_wc_cart_notice][/et_pb_column][/et_pb_row][et_pb_row column_structure=""1_2,1_2"" _builder_version=""4.27.3"" background_size=""initial"" background_position=""top_left"" background_repeat=""repeat"" width=""100%"" custom_padding=""0px||||false|false"" global_colors_info=""{}""][et_pb_column type=""1_2"" _builder_version=""4.16"" custom_padding=""|||"" global_colors_info=""{}"" custom_padding__hover=""|||""][et_pb_wc_images _builder_version=""4.16"" global_colors_info=""{}""][/et_pb_wc_images][/et_pb_column][et_pb_column type=""1_2"" _builder_version=""4.16"" custom_padding=""|||"" global_colors_info=""{}"" custom_padding__hover=""|||""][et_pb_wc_title _builder_version=""4.16"" global_colors_info=""{}""][/et_pb_wc_title][et_pb_wc_rating product=""3008"" _builder_version=""4.27.3"" rating_text_color=""#0C71C3"" global_colors_info=""{}""][/et_pb_wc_rating][et_pb_wc_price _builder_version=""4.16"" global_colors_info=""{}""][/et_pb_wc_price][et_pb_wc_description _builder_version=""4.16"" global_colors_info=""{}""][/et_pb_wc_description][et_pb_wc_add_to_cart _builder_version=""4.16"" global_colors_info=""{}""][/et_pb_wc_add_to_cart][et_pb_wc_meta _builder_version=""4.16"" global_colors_info=""{}""][/et_pb_wc_meta][/et_pb_column][/et_pb_row][et_pb_row _builder_version=""4.16"" background_size=""initial"" background_position=""top_left"" background_repeat=""repeat"" width=""100%"" global_colors_info=""{}""][et_pb_column type=""4_4"" _builder_version=""4.16"" custom_padding=""|||"" global_colors_info=""{}"" custom_padding__hover=""|||""][et_pb_wc_tabs _builder_version=""4.16"" global_colors_info=""{}""]					[/et_pb_wc_tabs][et_pb_wc_upsells _builder_version=""4.16"" global_colors_info=""{}""][/et_pb_wc_upsells][et_pb_wc_related_products _builder_version=""4.16"" global_colors_info=""{}""][/et_pb_wc_related_products][/et_pb_column][/et_pb_row][/et_pb_section]",,,taxable,,1,,,0,0,,,,,0,,367900,399900,"Celulares y Tablets","celulares, Samsung",,https://tntltda.com/wp-content/uploads/2024/11/SAMSUNG-A05.png,,,,,,,,,0,
3014,simple,,,"CELULAR SAMSUNG A05",1,0,visible,,"<strong>CELULAR SAMSUNG A05</strong>\n\nPANTALLA 6.6 FHD/\n\nRAM 4GB/\n\n128GB ANDROID 13 CAMARAS 50MP+ 8MP\n\nCOLOR PLATEADO",,,taxable,,1,,,0,0,,,,,0,,389900,499900,"Celulares y Tablets","BUEN PRECIO, celulares, Celulares y Tablets, Samsung",,https://tntltda.com/wp-content/uploads/2024/11/A5.webp,,,,,,,,,0,
3016,simple,,,"CELULAR SAMSUNG A15",1,0,visible,,"<h2><strong>CELULAR SAMSUNG A15 </strong></h2>\nPANTALLA 6.5 /\n\nSuper AMOLED/\n\nRAM 8GB/ 256GB /\n\nANDROID 13 /\n\nCAMARAS 50MP +13MP\n\nCOLOR BLUE BLACK",,,taxable,,1,,,0,0,,,,,0,,587900,729000,"Celulares y Tablets, OFERTAS HOY","BUEN PRECIO, celulares, Celulares y Tablets, Samsung",,https://tntltda.com/wp-content/uploads/2024/11/A15.webp,,,,,,,,,0,
3019,simple,,,"CELULAR SAMSUNG A34",1,0,visible,,"<h2>CELULAR SAMSUNG A34</h2>\nPANTALLA 6.6"" Super AMOLED /\n\nMediaTek Mali-G68 / RAM 6GB /\n\n128GB /\n\nANDROID 13 /\n\nCAMARAS 48.0 MP + 8.0 MP + 5.0 MP /\n\nCOLOR VERDE",,,taxable,,1,,,0,0,,,,,0,,969000,1120000,"Celulares y Tablets","BUEN PRECIO, celulares, Celulares y Tablets, Samsung",,https://tntltda.com/wp-content/uploads/2024/11/SAMSUNG-A34.webp,,,,,,,,,0,
3021,simple,,,"CELULAR SAMSUNG A35",1,0,visible,,"<h1>CELULAR SAMSUNG A35</h1>\nPantalla 6.6"" FHD+ Super AMOLED /\n\nRAM 8GB/\n\n256GB/\n\nANDROID 13 CAMARAS 50 MP/13MP\n\nCOLOR ICEBLUE /LILA",,,taxable,,1,,,0,0,,,,,0,,1249000,1550000,"Celulares y Tablets","Celulares y Tablets",,https://tntltda.com/wp-content/uploads/2024/11/SAMSUNG-A34.webp,,,,,,,,,0,
3022,simple,,,"CELULAR SAMSUNG A54",1,0,visible,,"<h1>CELULAR SAMSUNG A54 /</h1>\n<strong>PANTALLA 6.4"" Super AMOLED / </strong>\n\n<strong>Exynos 1380 / </strong>\n\n<strong>RAM 6GB / 128GB / </strong>\n\n<strong>ANDROID 13 / </strong>\n\n<strong>CAMARAS 50.0 MP + 12.0 MP + 5.0 MP</strong>",,,taxable,,1,,,0,0,,,,,0,,1319000,1699000,"Celulares y Tablets","Celulares y Tablets",,https://tntltda.com/wp-content/uploads/2024/11/CELULAR-SAMSUNG-A54.webp,,,,,,,,,0,
3024,simple,,,"CELULAR XIAOMI NOTE 13 PRO",1,0,visible,,"<h1>CELULAR XIAOMI NOTE 13 PRO</h1>\n<strong> Pantalla AMOLED DE 6,67"" FHD/ </strong>\n\n<strong>RAM 8GB /256GB /</strong>\n\n<strong>ANDROID 13 CAMARA 200GB / </strong>\n\n<strong>16GB SIM DUAL +MICRO SD COLOR MIDNIGHT BLACK</strong>",,,taxable,,1,,,0,0,,,,,0,,959000,1109000,"Celulares y Tablets","BUEN PRECIO, celulares, Celulares y Tablets, Samsung",,https://tntltda.com/wp-content/uploads/2024/11/CELULAR-XIAOMI-NOTE-13-PRO.webp,,,,,,,,,0,
3026,simple,,,"CELULAR REALME C55",1,0,visible,,"<h1>CELULAR REALME C55</h1>\n<strong>PANTALLA 6.7"" FHD+ 90HZ / </strong>\n\n<strong>Unisoc Tiger T612 / </strong>\n\n<strong>8GB / 256GB / </strong>\n\n<strong>ANDROID 13 CAMARAS 64.0 MP + 8.0 MP </strong>\n\n&nbsp;",,,taxable,,1,,,0,0,,,,,0,,699000,859000,"Celulares y Tablets","Celulares y Tablets",,https://tntltda.com/wp-content/uploads/2024/11/CELULAR-REALME-C55.webp,,,,,,,,,0,
3028,simple,,,"CELULAR MOTOROLA G54",1,0,visible,,"<h1>CELULAR MOTOROLA G54</h1>\n<strong> Pantalla 6.5"" FHD/ </strong>\n\n<strong>RAM 8GB / 128GB </strong>\n\n<strong>ANDROID 13 </strong>\n<strong>RAM 8 GB/ 128GB </strong>\n\n<strong>CAMARA 50MP/ 16MP </strong>\n\n<strong>SIM DUAL+ MICRO SD </strong>\n\n<strong>COLOR NEGRO ESPACIAL</strong>",,,taxable,,1,,,0,0,,,,,0,,649000,839000,"Suministros para oficina",,,https://tntltda.com/wp-content/uploads/2024/11/CELULAR-MOTOROLA-G54.png,,,,,,,,,0,
3030,simple,,,"CELULAR MOTOROLA G84",1,0,visible,,"<h1>CELULAR MOTOROLA G84</h1>\n<strong>Pantalla 6.5"" FHD / </strong>\n\n<strong>RAM 8GB/256GB </strong>\n\n<strong>ANDROID 13/ </strong>\n\n<strong>CAMARAS 50MP/16MP </strong>\n\n<strong>SIM DUAL+ MICRO SD </strong>\n\n<strong>COLOR NEGRO ESPACIAL</strong>",,,taxable,,1,,,0,0,,,,,0,,789000,899000,"Celulares y Tablets","Celulares y Tablets",,https://tntltda.com/wp-content/uploads/2024/11/CELULAR-MOTOROLA-G84.png,,,,,,,,,0,
3033,simple,,,"TABLET LENOVO TAB M8 TB300FU",1,0,visible,,"<h1>TABLET LENOVO TAB M8 TB300FU</h1>\n<strong>PANTALLA 8"" HD / </strong>\n\n<strong>3GB / 32GB / </strong>\n\n<strong>ANDROID 13/ CAMARA 5.0MP - FRONTAL 2.0MP / </strong>\n\n<strong>BLUETOOTH - WIFI /  FOLIO CASE </strong>",,,taxable,,1,,,0,0,,,,,0,,473000,639000,"Celulares y Tablets","Celulares y Tablets",,https://tntltda.com/wp-content/uploads/2024/11/TABLET-LENOVO-TAB-M8-TB300FU.png,,,,,,,,,0,
3035,simple,,,"TABLET LENOVO TAB M9  TB310XU",1,0,visible,,"<h1>TABLET LENOVO TAB M9 TB310XU</h1>\n<strong>PANTALLA 9"" HD / </strong>\n\n<strong>4GB / 128GB / </strong>\n\n<strong>ANDROID 12 / </strong>\n\n<strong>CAMARA 8.0MP - FRONTAL 2.0MP / </strong>\n\n<strong>BLUETOOTH+ WIFI + LTE / </strong>\n\n<strong>FOLIO CASE FROST BLUE </strong>",,,taxable,,1,,,0,0,,,,,0,,749000,890000,"Celulares y Tablets","Celulares y Tablets",,https://tntltda.com/wp-content/uploads/2024/11/TABLET-LENOVO-TAB-M8-TB300FU.png,,,,,,,,,0,
3036,simple,,,"TABLET LENOVO M10 TB328XU",1,0,visible,,"<h1>TABLET LENOVO M10 TB328XU</h1>\n<strong>PANTALLA 10,6"" FHD / </strong>\n\n<strong>4GB /64GB </strong>\n\n<strong>ANDROID 12 </strong>\n\n<strong>CAMARA FRONTAL 5MP POSTERIOR 5MP</strong>\n\n<strong> BLUETOOTH + WIFI LTE 4G+ SIM CARD /</strong>\n\n<strong>INCLUYE FOLIO CASE - STORM GREY</strong>",,,taxable,,1,,,0,0,,,,,0,,549000,719000,"Celulares y Tablets","Celulares y Tablets",,https://tntltda.com/wp-content/uploads/2024/12/TABLET-LENOVO-M10-TB328XU.png,,,,,,,,,0,
3039,simple,,,"TABLET LENOVO TAB M10 PLUS TB125FU",1,0,visible,,"<h1>TABLET LENOVO TAB M10 PLUS TB125FU</h1>\n<strong>PANTALLA 10,6"" FHD+ 2K / </strong>\n\n<strong>4GB / 128GB / </strong>\n\n<strong>ANDROID 12 / </strong>\n\n<strong>CAMARA 8.0MP - FRONTAL 8.0MP / </strong>\n\n<strong>BLUETOOTH + WIFI / FOLIO CASE + LAPIZ </strong>\n\n<strong>STORM GREY</strong>",,,taxable,,1,,,0,0,,,,,0,,979000,1150000,"Celulares y Tablets","Celulares y Tablets",,https://tntltda.com/wp-content/uploads/2024/12/TABLET-LENOVO-M10-TB328XU.png,,,,,,,,,0,
3040,simple,,,"TABLET LENOVO TAB M11 TB330FU",1,0,visible,,"<h1><strong>TABLET LENOVO TAB M11 TB330FU</strong>/</h1>\n<strong>PANTALLA 11"" </strong>\n\n<strong>4GB/128GB </strong>\n\n<strong>ANDROID 13 </strong>\n\n<strong>CAMARA 8MP FRONTAL 8MP/ </strong>\n\n<strong>BLUETOTH +WIFI / </strong>\n\n<strong>FOLIO CASE+ LAPIZ </strong>",,,taxable,,0,,,0,0,,,,,0,,879000,990000,"Celulares y Tablets","Celulares y Tablets",,https://tntltda.com/wp-content/uploads/2024/12/TABLET-LENOVO-TAB-M11-TB330FU.webp,,,,,,,,,0,
3042,simple,,,"TABLET LENOVO P12 TB370FU",1,0,visible,,"<h1><strong>TABLET LENOVO P12 TB370FU</strong></h1>\n<strong> PANTALLA 12.7"" </strong>\n\n<strong>8GB/256GB </strong>\n\n<strong>ANDROID 13 </strong>\n\n<strong>CAMARA 8MP FRONTAL 13MP </strong>\n\n<strong>BLUETOOTH +WIFI / </strong>\n\n<strong>FOLIO CASE +LAPIZ +TECLADO </strong>\n\n<strong>COLOR STORM GREY</strong>",,,taxable,,1,,,0,0,,,,,0,,1989000,2490000,"Celulares y Tablets","Celulares y Tablets",,https://tntltda.com/wp-content/uploads/2024/12/TABLET-LENOVO-P12-TB370FU.png,,,,,,,,,0,
3045,simple,,,"TABLET GALAXY TAB A7 LITE T225",1,0,visible,,"<h1><strong>TABLET GALAXY TAB A7 LITE T225 </strong></h1>\n<strong>PANTALLA 8.7"" FHD / </strong>\n\n<strong>4GB / 64GB / </strong>\n\n<strong>ANDROID 11 / </strong>\n\n<strong>CAMARA 8.0MP - FRONTAL 2.0MP / </strong>\n\n<strong>BLUETOOTH - WIFI - LTE 4G / </strong>\n\n<strong>SILVER</strong>",,,taxable,,1,,,0,0,,,,,0,,829000,990000,"Celulares y Tablets",,,https://tntltda.com/wp-content/uploads/2024/12/TABLET-GALAXY-TAB-A7-LITE-T225.webp,,,,,,,,,0,
3047,simple,,,"TABLET GALAXY TAB A9+ SM-X210",1,0,visible,,"<h1><strong>TABLET GALAXY TAB A9+ SM-X210 </strong></h1>\n<strong>PANTALLA 11.0"" </strong>\n\n<strong>4GB/64GB </strong>\n\n<strong>ANDROID 13 </strong>\n\n<strong>CAMARA 8 MP FRONTAL 5MP / </strong>\n\n<strong>BLUETOOTH+ WIFI </strong>\n\n<strong>SILVER </strong>",,,taxable,,1,,,0,0,,,,,0,,679000,890000,"Celulares y Tablets","Celulares y Tablets",,https://tntltda.com/wp-content/uploads/2024/12/TABLET-GALAXY-TAB-A9-SM-X210.webp,,,,,,,,,0,
3049,simple,,,"TABLET REDMI PAD SE 23073RPBFL",1,0,visible,,"<h1><strong>TABLET REDMI PAD SE 23073RPBFL </strong></h1>\n<strong>PANTALLA 11 FHD </strong>\n\n<strong>8GB/256GB/</strong>\n\n<strong>ANDROID 13 </strong>\n\n<strong>CAMARA 8MP FRONTAL 5MP/ </strong>\n\n<strong>BLUETOOTH +WIFI +ADAPTADOR DE CORRIENTE / </strong>\n\n<strong>CABLE USB TIPO C </strong>",,,taxable,,1,,,0,0,,,,,0,,719000,929000,"Celulares y Tablets","Celulares y Tablets",,https://tntltda.com/wp-content/uploads/2024/12/TABLET-REDMI-PAD-SE-23073RPBFL.png,,,,,,,,,0,
3051,simple,,,"TABLET TOUCH 770N",1,0,visible,,"TABLET TOUCH 770N\n\nPANTALLA 7"" 1\n\nRAM /8GB\n\nANDROID 8.1\n\nCAMARA 0.3MP FRONTAL 2.0MP\n\nBLUETOOH +WIFI\n\n&nbsp;",,,taxable,,1,,,0,0,,,,,0,,289900,379000,"Celulares y Tablets","Celulares y Tablets",,https://tntltda.com/wp-content/uploads/2024/12/TABLET-TOUCH-770N.webp,,,,,,,,,0,
3055,simple,,,"MEMORIA DDR3 8GB HIKSEMI",1,0,visible,,"MEMORIA DDR3 8GB HIKSEMI",,,taxable,,1,,,0,0,,,,,0,,49900,59900,"Partes y accesorios",,,"https://tntltda.com/wp-content/uploads/2024/12/memoria-ram-hiksemi-ddr3-8gb-1600mhz-para-portatil.jpg, https://tntltda.com/wp-content/uploads/2024/12/MEMORIA-DDR3-8GB-HIKSEMI.png",,,,,,,,,0,
3059,simple,,,"MEMORIA DDR4 4GB BAJADAS DE MAQUINA",1,0,visible,,"MEMORIA DDR4 4GB BAJADAS DE MAQUINA",,,taxable,,1,,,0,0,,,,,0,,49900,59900,"Partes y accesorios",,,https://tntltda.com/wp-content/uploads/2024/12/Memoria-DDR4-4Gb-Portatil-Samsung-3200-9114-1.webp,,,,,,,,,0,
3061,simple,,,"MEMORIA DDR4 8GB PATRIOT",1,0,visible,,"MEMORIA DDR4 8GB PATRIOT",,,taxable,,1,,,0,0,,,,,0,,89990,101000,"Partes y accesorios",,,https://tntltda.com/wp-content/uploads/2024/12/MEMORIA-DDR4-8GB-PATRIOT.jpg,,,,,,,,,0,
3063,simple,,,"MEMORIA DDR4 8GB HIKSEMI (HIKVISION)",1,0,visible,,"MEMORIA DDR4 8GB HIKSEMI (HIKVISION)",,,taxable,,1,,,0,0,,,,,0,,84700,99000,"Partes y accesorios",,,https://tntltda.com/wp-content/uploads/2024/12/memoria-ram-hiksemi-ddr3-8gb-1600mhz-para-portatil.jpg,,,,,,,,,0,
3064,simple,,,"MEMORIA DDR4 16GB HIKSEMI (HIKVISION)",1,0,visible,,"MEMORIA DDR4 16GB HIKSEMI (HIKVISION)",,,taxable,,1,,,0,0,,,,,0,,159700,187000,"Partes y accesorios",,,https://tntltda.com/wp-content/uploads/2024/12/memoria-ram-hiksemi-ddr3-8gb-1600mhz-para-portatil.jpg,,,,,,,,,0,
3065,simple,,,"MEMORIA DDR4 16GB PATRIOT",1,0,visible,,"MEMORIA DDR4 16GB PATRIOT",,,taxable,,1,,,0,0,,,,,0,,159700,187000,"Partes y accesorios",,,https://tntltda.com/wp-content/uploads/2024/12/MEMORIA-DDR4-8GB-PATRIOT.jpg,,,,,,,,,0,
3066,simple,,,"MEMORIA DDR4 32GB XUE",1,0,visible,,"MEMORIA DDR4 32GB XUE",,,taxable,,1,,,0,0,,,,,0,,289900,321000,"Partes y accesorios",,,https://tntltda.com/wp-content/uploads/2024/12/MEMORIA-DDR4-32GB-XUE.webp,,,,,,,,,0,
3069,simple,,,"MEMORIA DDR5 8GB 4800Mhz ADATA",1,0,visible,,"MEMORIA DDR5 8GB 4800Mhz ADATA",,,taxable,,1,,,0,0,,,,,0,,189000,221000,"Partes y accesorios",,,https://tntltda.com/wp-content/uploads/2024/12/MEMORIA-DDR5-8GB-4800Mhz-ADATA.jpg,,,,,,,,,0,
3072,simple,,,"MEMORIA DDR5 16GB 5200Mhz ADATA",1,0,visible,,"MEMORIA DDR5 16GB 5200Mhz ADATA",,,taxable,,1,,,0,0,,,,,0,,209900,255000,"Partes y accesorios",,,https://tntltda.com/wp-content/uploads/2024/12/MEMORIA-DDR5-8GB-4800Mhz-ADATA.jpg,,,,,,,,,0,
3073,simple,,,"MEMORIA DDR5 32GB 4800Mhz ADATA",1,0,visible,,"MEMORIA DDR5 32GB 4800Mhz ADATA",,,taxable,,1,,,0,0,,,,,0,,379000,436000,"Partes y accesorios",,,https://tntltda.com/wp-content/uploads/2024/12/MEMORIA-DDR5-8GB-4800Mhz-ADATA.jpg,,,,,,,,,0,
3074,simple,,,"MEMORIA PARA PC RAM DDR3 4GB PARA PC ADATA",1,0,visible,,"MEMORIA PARA PC RAM DDR3 4GB PARA PC ADATA",,,taxable,,1,,,0,0,,,,,0,,49900,59900,"Partes y accesorios",,,https://tntltda.com/wp-content/uploads/2024/12/MEMORIA-PARA-PC-RAM-DDR3-4GB-PARA-PC-ADATA.webp,,,,,,,,,0,
3076,simple,,,"MEMORIA PARA PC DDR4 8GB PARA PC 3200MHZ HIKSEMI (HIKVISION)",1,0,visible,,"MEMORIA PARA PC DDR4 8GB PARA PC 3200MHZ HIKSEMI (HIKVISION) 3 AÑOS DE GARANTIA",,,taxable,,1,,,0,0,,,,,0,,87900,99000,"Partes y accesorios",,,https://tntltda.com/wp-content/uploads/2024/12/MEMORIA-PARA-PC-DDR4-8GB-PARA-PC-3200MHZ-HIKSEMI-HIKVISION.webp,,,,,,,,,0,
3078,simple,,,"MEMORIA PARA PC DDR4 16GB PARA PC ARMOR BLANCA 3200MHZ (HIKVISION)",1,0,visible,,"MEMORIA PARA PC DDR4 16GB PARA PC ARMOR BLANCA 3200MHZ (HIKVISION) 3 AÑOS DE GARANTIA",,,taxable,,1,,,0,0,,,,,0,,159000,188000,"Partes y accesorios",,,https://tntltda.com/wp-content/uploads/2024/12/MEMORIA-PARA-PC-DDR4-16GB-PARA-PC-ARMOR-BLANCA-3200MHZ-HIKVISION-3-ANOS-DE-GARANTIA.jpg,,,,,,,,,0,
3080,simple,,,"MEMORIA PARA PC - DDR4 8GB RGB FUTURE O AKIRA 3200MHZ (HIKVISION)",1,0,visible,,"MEMORIA PARA PC DDR4 8GB RGB FUTURE O AKIRA 3200MHZ (HIKVISION) 3 AÑOS DE GARANTIA",,,taxable,,1,,,0,0,,,,,0,,119700,128000,"Partes y accesorios",,,https://tntltda.com/wp-content/uploads/2024/12/MEMORIA-PARA-PC-DDR4-8GB-RGB-FUTURE-O-AKIRA-3200MHZ-HIKVISION-3-ANOS-DE-GARANTIA.webp,,,,,,,,,0,
3083,simple,,,"MEMORIA PARA PC DDR4 16GB RGB FUTURE O AKIRA 3200MHZ (HIKVISION)",1,0,visible,,"MEMORIA PARA PC DDR4 16GB RGB FUTURE O AKIRA 3200MHZ (HIKVISION) 3 AÑOS DE GARANTIA",,,taxable,,1,,,0,0,,,,,0,,169900,187000,"Partes y accesorios",,,https://tntltda.com/wp-content/uploads/2024/12/MEMORIA-PARA-PC-DDR4-8GB-RGB-FUTURE-O-AKIRA-3200MHZ-HIKVISION-3-ANOS-DE-GARANTIA.webp,,,,,,,,,0,
3084,simple,,,"MEMORIA PARA PC DDR4 8GB GAMER HIKSEMI WAVE 3600MHZ (HIKVISION)",1,0,visible,,"MEMORIA PARA PC DDR4 8GB GAMER HIKSEMI WAVE 3600MHZ (HIKVISION) 3 AÑOS DE GARANTIA",,,taxable,,1,,,0,0,,,,,0,,219000,255000,"Partes y accesorios",,,https://tntltda.com/wp-content/uploads/2024/12/MEMORIA-PARA-PC-DDR4-8GB-GAMER-HIKSEMI-WAVE-3600MHZ-HIKVISION-3-ANOS-DE-GARANTIA.webp,,,,,,,,,0,
3086,simple,,,"MEMORIA PARA PC DDR4 16GB GAMER HIKSEMI WAVE 3600MHZ (HIKVISION) 3 AÑOS DE GARANTIA",1,0,visible,,"MEMORIA PARA PC DDR4 16GB GAMER HIKSEMI WAVE 3600MHZ (HIKVISION) 3 AÑOS DE GARANTIA",,,taxable,,1,,,0,0,,,,,0,,309900,355000,"Partes y accesorios",,,https://tntltda.com/wp-content/uploads/2024/12/MEMORIA-PARA-PC-DDR4-8GB-GAMER-HIKSEMI-WAVE-3600MHZ-HIKVISION-3-ANOS-DE-GARANTIA.webp,,,,,,,,,0,
3087,simple,,,"MEMORIA PARA PC RAM DDR5 DE 16GB 5600MHZ",1,0,visible,,"MEMORIA PARA PC RAM DDR5 DE 16GB 5600MHZ",,,taxable,,1,,,0,0,,,,,0,,235000,277000,"Partes y accesorios",,,https://tntltda.com/wp-content/uploads/2024/12/MEMORIA-PARA-PC-RAM-DDR5-DE-16GB-5600MHZ.webp,,,,,,,,,0,
3092,simple,,,"CELULAR XIAOMI 14C",1,0,visible,,"<h1><strong>CELULAR XIAOMI 14C </strong></h1>\n<h2><strong> PANTALLA AMOLED 6.88""HD </strong></h2>\n<h3><strong>RAM 8GB / 256GB</strong></h3>\n<h3><strong>ANDROID 13 C</strong></h3>\n<h3><strong>AMARA 50 MP /13 MP </strong></h3>\n<h3><strong>SIM DUAL + MICRO SD COLOR AZUL</strong></h3>\n<h3><strong>NEGRO </strong></h3>",,,taxable,,1,,,0,0,,,,,0,,529000,599000,"Celulares y Tablets",,,https://tntltda.com/wp-content/uploads/2024/12/XIAOMI-14C-PANTALLA-AMOLED-6.88-e1734540820424.webp,,,,,,,,,0,
3095,simple,,,"CELULAR MOTOROLA G34",1,0,visible,,"<h1><strong>CELULAR MOTOROLA G34</strong></h1>\n<h3>Pantalla 6.55 HD+</h3>\n<h3>RAM 8GB / 256GB</h3>\n<h3>ANDROID 14</h3>\n<h3>CAMARA 50MP+2MP / 16MP</h3>\n<h3>SIM DUAL+ MICRO SD</h3>\n<h3>COLOR NEGRO METEORITO</h3>",,,taxable,,0,,,0,0,,,,,0,,629000,699000,"Celulares y Tablets",,,"https://tntltda.com/wp-content/uploads/2024/12/CELULAR-MOTOROLA-G34.webp, https://tntltda.com/wp-content/uploads/2024/12/CELULAR-MOTOROLA-G34-e1734541875859.png",,,,,,,,,0,
3101,simple,,,"PORTÁTIL LENOVO V14 G4 AMN AMD RYZEN 3-7320U",1,0,visible,,"<h1><strong>LENOVO V14 G4 AMN AMD RYZEN 3-7320U</strong></h1>\n<h3>8GB DDR4 256GB</h3>\n<h3>PANTALLA 14 "" FHD</h3>\n<h3>ARCTIC GREY</h3>",,,taxable,,1,,,0,0,,,,,0,,1299000,1450000,"Computadores Portátiles",,,https://tntltda.com/wp-content/uploads/2024/12/PORTATIL-LENOVO-V14-G4-AMN.png,,,,,,,,,0,
3105,simple,,,"PORTÁTIL LENOVO V14 G4 IRU 83A000CQLM",1,0,visible,,"<h1><strong>PORTÁTIL LENOVO V14 G4 IRU </strong></h1>\n<h3>INTEL CORE I7 1355U</h3>\n<h3>8GB DDR4 - 512GB SSD</h3>\n<h3>PANTALLA 14"" LINUX</h3>",,,taxable,,1,,,0,0,,,,,0,,2499999,2999000,"Computadores Portátiles",,,https://tntltda.com/wp-content/uploads/2024/12/PORTATIL-LENOVO-V14-G4-IRU.png,,,,,,,,,0,
3107,simple,,,"PORTÁTIL LENOVO THINKBOOK 14 G6",1,0,visible,,"<h1><strong>PORTÁTIL LENOVO THINKBOOK 14 G6 </strong></h1>\n<h3>21KJ0089LM AMD</h3>\n<h3>RYZEN 7 7730U</h3>\n<h3>16GB-DDR4 - 512GB SSD</h3>\n<h3>PANTALLA 14"" LINUX</h3>",,,taxable,,1,,,0,0,,,,,0,,2390000,2700000,"Computadores Portátiles",,,"https://tntltda.com/wp-content/uploads/2024/12/Lenovo-ThinkBook-14-6ta-Gen-1-1.png, https://tntltda.com/wp-content/uploads/2024/12/Lenovo-ThinkBook-14-6ta-Gen-.png",,,,,,,,,0,
3110,simple,,,"PORTÁTIL ASUS X1504Z-NJ1200",1,0,visible,,"<h1><strong>PORTÁTIL ASUS X1504Z-NJ1200</strong></h1>\n<h3>INTEL CORE I3</h3>\n<h3>1215U</h3>\n<h3>4G+8G DDR4 - 512GB SSD</h3>\n<h3>PANTALLA 15.6"" FHD</h3>\n<h3>SILVER</h3>",,,taxable,,1,,,0,0,,,,,0,,1429000,1990000,"Computadores Portátiles",,,"https://tntltda.com/wp-content/uploads/2024/12/PORTATIL-ASUS-X1504Z-NJ1200.png, https://tntltda.com/wp-content/uploads/2024/12/PORTATIL-ASUS-X1504Z-NJ1200-1-1.png, https://tntltda.com/wp-content/uploads/2024/12/PORTATIL-ASUS-X1504Z-NJ1200-.png",,,,,,,,,0,
3114,simple,,,"PORTÁTIL ASUS X415JA-EB1079T",1,0,visible,,"<h1><strong>PORTÁTIL ASUS X415JA-EB1079T</strong></h1>\n<h3>INTEL CORE I5</h3>\n<h3>1035G1 - 8GB - 256GB</h3>\n<h3>SSD - PANTALLA 14"" FHD -</h3>\n<h3>WINDOWS 10 HOME</h3>\n<h3>LECTOR DE HUELLA</h3>\n<h3>TRASNPARENT SILVER</h3>",,,taxable,,1,,,0,0,,,,,0,,1929000,2280000,"Computadores Portátiles",,,"https://tntltda.com/wp-content/uploads/2024/12/PORTATIL-ASUS-X415JA-EB1079T.png, https://tntltda.com/wp-content/uploads/2024/12/PORTATIL-ASUS-X415JA-EB1079T-.jpg",,,,,,,,,0,
3119,simple,,,"PORTÁTIL ASUS ZENBOOK UM325UAZ",1,0,visible,,"<h1><strong>PORTÁTIL ASUS ZENBOOK UM325UAZ</strong></h1>\n<h3>KG017 AMD RYZEN 7 5700U</h3>\n<h3>8GB - 512GB</h3>\n<h3>SSD PANTALLA 13.3"" FHD</h3>\n<h3>OLED - ULTRALIVIANA</h3>\n<h3>TECLADO RETROILUMINADO</h3>\n<h3>PINE GREY (BEZEL)</h3>",,,taxable,,1,,,0,0,,,,,0,,2990000,3455000,"Computadores Portátiles",,,"https://tntltda.com/wp-content/uploads/2024/12/PORTATIL-ASUS-ZENBOOK.webp, https://tntltda.com/wp-content/uploads/2024/12/PORTATIL-ASUS-ZENBOOK.png",,,,,,,,,0,
3122,simple,,,"PORTÁTIL ASUS VIVOBOOK X1504ZA",1,0,visible,,"<h1><strong>PORTÁTIL ASUS VIVOBOOK </strong></h1>\n<h3><strong>X1504ZA - </strong>NJ227</h3>\n<h3>INTEL CORE I5</h3>\n<h3>1235U- 8GB DDR4 - 512GB</h3>\n<h3>SSD PANTALLA 15.6"" FHD</h3>\n<h3>QUIET BLUE</h3>",,,taxable,,1,,,0,0,,,,,0,,1829000,2230000,"Computadores Portátiles",,,"https://tntltda.com/wp-content/uploads/2024/12/PORTATIL-ASUS-VIVOBOOK-X1504ZA.png, https://tntltda.com/wp-content/uploads/2024/12/PORTATIL-ASUS-VIVOBOOK-X1504ZA-.png",,,,,,,,,0,
3125,simple,,,"PORTÁTIL ASUS VIVOBOOK X1605ZA",1,0,visible,,"<h1><strong>PORTÁTIL ASUS VIVOBOOK </strong></h1>\n<h3>X1605ZA-MB918</h3>\n<h3>INTEL CORE I7</h3>\n<h3>12700H-16GB DDR4-1TB }</h3>\n<h3>SSD PANTALLA 16""</h3>\n<h3>TRANSPARENTE SILVER</h3>",,,taxable,,1,,,0,0,,,,,0,,2590000,3100000,"Computadores Portátiles",,,"https://tntltda.com/wp-content/uploads/2024/12/PORTATIL-ASUS-VIVOBOOK-X1504ZA.png, https://tntltda.com/wp-content/uploads/2024/12/PORTATIL-ASUS-VIVOBOOK-X1504ZA-.png",,,,,,,,,0,
3126,simple,,,"PORTÁTIL ASUS E1504FA-NJ940 AMD RYZEN",1,0,visible,,"<h1><strong>PORTÁTIL ASUS E1504FA-NJ940 AMD RYZEN </strong></h1>\n<h3>5-7520U -16GB DDR5-1TB</h3>\n<h3>SSD PANTALLA 15.6"" FHD</h3>\n<h3>MIXED BLACK</h3>",,,taxable,,1,,,0,0,,,,,0,,1959000,2557000,"Computadores Portátiles",,,"https://tntltda.com/wp-content/uploads/2024/12/PORTATIL-ASUS-E1504FA-NJ940-AMD-RYZEN.webp, https://tntltda.com/wp-content/uploads/2024/12/PORTATIL-ASUS-E1504FA-NJ940-AMD-RYZEN.png",,,,,,,,,0,
3130,simple,,,"PORTÁTIL ASUS M3604YA- MB193 AMD RYZEN",1,0,visible,,"<h1><strong>PORTÁTIL ASUS M3604YA- MB193 AMD RYZEN</strong></h1>\n<h3>7-7730U</h3>\n<h3>16GB DDR4-1TB</h3>\n<h3>SSD PANTALLA 16""</h3>\n<h3>INDIE BLACK /SILVER</h3>",,,taxable,,1,,,0,0,,,,,0,,2489900,3090000,"Computadores Portátiles",,,"https://tntltda.com/wp-content/uploads/2024/12/PORTATIL-ASUS-M3604YA-MB193-AMD-RYZEN.webp, https://tntltda.com/wp-content/uploads/2024/12/PORTATIL-ASUS-E1504FA-NJ940-AMD-RYZEN.png",,,,,,,,,0,
3132,simple,,,"PORTÁTIL ASUS VIVOBOOK GO 15 OLED AMD RYZEN",1,0,visible,,"<h1><strong>PORTÁTIL ASUS VIVOBOOK GO 15 OLED AMD RYZEN </strong></h1>\n<ul data-hveid=""CBoQAQ"" data-ved=""2ahUKEwiHuKmxuLKKAxVkmYQIHe0WKvUQm_YKegQIGhAB"">\n 	<li>\n<h3><span data-huuid=""15605758616938248449"">Procesador AMD Ryzen 5 7520U de 2.8 GHz con 4 núcleos y 6 MB de caché</span></h3>\n</li>\n 	<li>\n<h3><span data-huuid=""15605758616938246175"">Tarjeta gráfica integrada AMD Radeon</span></h3>\n</li>\n 	<li>\n<h3><span data-huuid=""15605758616938247997"">16 GB de memoria LPDDR5</span></h3>\n</li>\n 	<li>\n<h3><span data-huuid=""15605758616938249819"">512 GB de almacenamiento M.2 NVMe PCIe 3.0 SSD</span></h3>\n</li>\n 	<li>\n<h3><span data-huuid=""15605758616938247545"">Pantalla OLED de 15,6 pulgadas con resolución FHD (1920 x 1080)</span></h3>\n</li>\n 	<li>\n<h3><span data-huuid=""15605758616938249367"">Teclado en español</span></h3>\n</li>\n 	<li>\n<h3><span data-huuid=""15605758616938247093"">Cámara HD integrada</span></h3>\n</li>\n 	<li>\n<h3><span data-huuid=""15605758616938248915"">Wi-Fi 6E</span></h3>\n</li>\n 	<li>\n<h3><span data-huuid=""15605758616938246641"">Bluetooth 5.3</span></h3>\n</li>\n 	<li>\n<h3><span data-huuid=""15605758616938248463"">Bisagra plana de 180°</span></h3>\n</li>\n</ul>",,,taxable,,1,,,0,0,,,,,0,,2190000,2789000,"Computadores Portátiles",,,"https://tntltda.com/wp-content/uploads/2024/12/PORTATIL-ASUS-VIVOBOOK-GO-15-OLED-AMD-RYZEN.webp, https://tntltda.com/wp-content/uploads/2024/12/PORTATIL-ASUS-VIVOBOOK-GO-15-OLED-AMD-RYZEN2.webp",,,,,,,,,0,
3135,simple,,,"PORTÁTIL DELL FGA INSPIRON 15",1,0,visible,,"<h1><strong>PORTÁTIL DELL FGA INSPIRON 15 </strong></h1>\n<h3>3520 INTEL CORE I7</h3>\n<h3>1255U-8GB-512GB</h3>\n<h3>SSD PANTALLA 15.6"" FHD</h3>\n<h3>PLATINUM SILVER</h3>",,,taxable,,1,,,0,0,,,,,0,,2349000,2789000,"Computadores Portátiles",,,"https://tntltda.com/wp-content/uploads/2024/12/PORTATIL-DELL-FGA-INSPIRON-15.webp, https://tntltda.com/wp-content/uploads/2024/12/PORTATIL-DELL-FGA-INSPIRON-15-2.webp",,,,,,,,,0,
3138,simple,,,"PORTÁTIL HP 14-DQ0533LA",1,0,visible,,"<h1><strong>PORTÁTIL HP 14-DQ0533LA </strong></h1>\n<h3>INTEL CELERON</h3>\n<h3>N4120-8GB DDR4 -256GB</h3>\n<h3>SSD PANTALLA 14"" FHD</h3>\n<h3>GRIS</h3>",,,taxable,,1,,,0,0,,,,,0,,990000,1270000,"Computadores Portátiles",,,"https://tntltda.com/wp-content/uploads/2024/12/PORTATIL-HP-14-DQ0533LA.webp, https://tntltda.com/wp-content/uploads/2024/12/PORTATIL-HP-14-DQ0533LA-.jpg",,,,,,,,,0,
3142,simple,,,"PORTÁTIL HP 14 -245 G10 AMD RYZEN 3",1,0,visible,,"<h1><strong>PORTÁTIL HP 14 -245 G10 AMD RYZEN 3 </strong></h1>\n<h3>7330U</h3>\n<h3>MEMORIA RAM 8GB</h3>\n<h3>DISCO SOLIDO 512 GB</h3>\n<h3>PANTALLA 14 "" FHD</h3>",,,taxable,,1,,,0,0,,,,,0,,1229900,1567000,"Computadores Portátiles, OFERTAS HOY",,,"https://tntltda.com/wp-content/uploads/2024/12/PORTATIL-HP-14-245-G10-AMD-RYZEN-3.jpg, https://tntltda.com/wp-content/uploads/2024/12/PORTATIL-HP-14-DQ0533LA-.jpg",,,,,,,,,0,
3144,simple,,,"PORTÁTIL HP 14 -245 G10 AMD RYZEN 5",1,0,visible,,"<h1><strong>PORTÁTIL HP 14 -245 G10 AMD RYZEN 5 </strong></h1>\n<h3>7530U</h3>\n<h3>MEMORIA RAM 8GB</h3>\n<h3>DISCO SOLIDO 512 GB</h3>\n<h3>PANTALLA 14 "" FHD</h3>",,,taxable,,1,,,0,0,,,,,0,,1549000,1870000,"Computadores Portátiles",,,"https://tntltda.com/wp-content/uploads/2024/12/PORTATIL-HP-14-245-G10-AMD-RYZEN-3.jpg, https://tntltda.com/wp-content/uploads/2024/12/PORTATIL-HP-14-DQ0533LA-.jpg",,,,,,,,,0,
3145,simple,,,"PORTÁTIL GAMER ACER NITRO 5",1,0,visible,,"<h1><strong>PORTÁTIL GAMER ACER NITRO 5 AN515-58-58V0</strong></h1>\n<h3>INTEL CORE I5</h3>\n<h3>12450H- 8GB DDR4-512GB</h3>\n<h3>SSD TARJETA DE VIDEO</h3>\n<h3>RTX 3050 4GB</h3>\n<h3>PANTALLA 15.6"" FHD</h3>\n<h3>IPS 144HZ</h3>\n<h3>TECLADO</h3>",,,taxable,,1,,,0,0,,,,,0,,3490000,3990000,"Computadores Portátiles",,,"https://tntltda.com/wp-content/uploads/2024/12/PORTATIL-GAMER-ACER-NITRO-5-AN515-58-58V0.png, https://tntltda.com/wp-content/uploads/2024/12/PORTATIL-GAMER-ACER-NITRO-5-AN515-58-58V0-2.webp",,,,,,,,,0,
3148,simple,,,"PORTÁTIL GAMER LENOVO LOQ 15IRH8",1,0,visible,,"<h1><strong>PORTÁTIL GAMER LENOVO LOQ 15IRH8 </strong></h1>\n<h3>INTEL CORE I5</h3>\n<h3>12450H-8GB DDR5- 512GB</h3>\n<h3>SSD TARJETA DE VIDEO NVIDIA GEFORCE</h3>\n<h3>RTX 3050 6GB</h3>\n<h3>PANTALLA 15.6"" FHD</h3>\n<h3>IPS 144HZ TECLADO</h3>",,,taxable,,1,,,0,0,,,,,0,,3149000,3670000,"Computadores Portátiles",,,"https://tntltda.com/wp-content/uploads/2024/12/PORTATIL-GAMER-LENOVO-LOQ-15IRH8.jpg, https://tntltda.com/wp-content/uploads/2024/12/PORTATIL-GAMER-LENOVO-LOQ-15IRH8-2.webp",,,,,,,,,0,
3151,simple,,,"PORTÁTIL GAMER ASUS TUF GAMING FA506NF-HN004",1,0,visible,,"<h1><strong>PORTÁTIL GAMER ASUS TUF GAMING FA506NF-HN004 </strong></h1>\n<h3>AMD RYZEN 5-7535HS</h3>\n<h3>8GB DDR5- 512GB</h3>\n<h3>SSD TARJETA DE VIDEO RTX 2050 4GB</h3>\n<h3>PANTALLA 15.6"" FHD IPS 144HZ</h3>\n<h3>TECLADO RETROILUMINADO</h3>\n<h3>GRAPHITE BLACK</h3>",,,taxable,,1,,,0,0,,,,,0,,2890000,3300000,"Computadores Portátiles",,,"https://tntltda.com/wp-content/uploads/2024/12/PORTATIL-GAMER-ASUS-TUF-GAMING-FA506NF-HN004.webp, https://tntltda.com/wp-content/uploads/2024/12/PORTATIL-GAMER-ASUS-TUF-GAMING-FA506NF-HN004-2.webp",,,,,,,,,0,
3154,simple,,,"PORTÁTIL GAMER MSI KATANA THIN GF63 12UC",1,0,visible,,"<h1><strong>PORTÁTIL GAMER MSI KATANA THIN GF63 12UC </strong></h1>\n<h3>INTEL CORE I7 1</h3>\n<h3>2650H - 8GB DDR4</h3>\n<h3>512SSD GEN 4X4</h3>\n<h3>TARJETA DE VIDEO RTX 2050 4GB</h3>\n<h3>PANTALLA 15.6"" FHD IPS 144HZ</h3>\n<h3>TECLADO RETROILUMINADO</h3>",,,taxable,,1,,,0,0,,,,,0,,4329000,5100000,"Computadores Portátiles",,,"https://tntltda.com/wp-content/uploads/2024/12/PORTATIL-GAMER-MSI-KATANA-THIN-GF63-12UC.webp, https://tntltda.com/wp-content/uploads/2024/12/PORTATIL-GAMER-MSI-KATANA-THIN-GF63-12UC-.png",,,,,,,,,0,
3157,simple,,,"PORTÁTIL GAMER MSI KATANA GF76 12UC",1,0,visible,,"<h1><strong>PORTÁTIL GAMER MSI KATANA GF76 12UC </strong></h1>\n<h3>INTEL CORE I7</h3>\n<h3>12700H - 16GB DDR4</h3>\n<h3>512 GB SSD GEN 4X4</h3>\n<h3>TARJETA DE VIDEO RTX 3050 4GB</h3>\n<h3>PANTALLA 17.3"" FHD</h3>\n<h3>IPS 144HZ</h3>\n<h3>TECLADO RETROILUMINADO</h3>",,,taxable,,1,,,0,0,,,,,0,,6390000,7050000,"Computadores Portátiles",,,"https://tntltda.com/wp-content/uploads/2024/12/PORTATIL-GAMER-MSI-KATANA-GF76-12UC.jpg, https://tntltda.com/wp-content/uploads/2024/12/PORTATIL-GAMER-MSI-KATANA-GF76-12UC-.png",,,,,,,,,0,
3160,simple,,,"PORTÁTIL GAMER ACER NITRO 5",1,0,visible,,"<h1><strong>PORTÁTIL GAMER ACER NITRO 5 AN515-46-R8KP </strong></h1>\n<h3>AMD RYZEN 7</h3>\n<h3>6800H - 16GB DDR5</h3>\n<h3>1TB SSD</h3>\n<h3>TARJETA DE VIDEO RTX3050 4GB GDDR6</h3>\n<h3>PANTALLA 15.6"" FHD IPS 144HZ -</h3>\n<h3>TECLADO RETROILUMINADO</h3>\n<h3>WINDOWS 11 HOME</h3>",,,taxable,,1,,,0,0,,,,,0,,5390000,5990000,"Computadores Portátiles",,,"https://tntltda.com/wp-content/uploads/2024/12/PORTATIL-GAMER-ACER-NITRO-5-AN515-46-R8KP.jpg, https://tntltda.com/wp-content/uploads/2024/12/PORTATIL-GAMER-ACER-NITRO-5-AN515-46-R8KP-.png",,,,,,,,,0,
3163,simple,,,"PORTÁTIL CORPORATIVO LENOVO V14 G3 IAP",1,0,visible,,"<h1><strong>PORTÁTIL CORPORATIVO LENOVO V14 G3 IAP </strong></h1>\n<h3>INTEL CORE I5</h3>\n<h3>1235U-8GB DDR4</h3>\n<h3>512GB SSD PANTALLA 14 "" FHD</h3>\n<h3>WINDOWS 11 PRO</h3>\n<h3>IRON GREY</h3>",,,taxable,,1,,,0,0,,,,,0,,2349000,2780000,"Computadores Portátiles",,,"https://tntltda.com/wp-content/uploads/2024/12/PORTATIL-CORPORATIVO-LENOVO-V14-G3-IAP.webp, https://tntltda.com/wp-content/uploads/2024/12/PORTATIL-CORPORATIVO-LENOVO-V14-G3-IAP-.webp",,,,,,,,,0,
3166,simple,,,"PORTÁTIL CORPORATIVO LENOVO V14 G4 IRU",1,0,visible,,"<h1><strong>PORTÁTIL CORPORATIVO LENOVO V14 G4 IRU </strong></h1>\n<h3>INTEL CORE I5</h3>\n<h3>13420H -8GB DDR4 - 512GB SSD</h3>\n<h3>PANTALLA 14""</h3>\n<h3>WINDOWS 11 PRO</h3>",,,taxable,,1,,,0,0,,,,,0,,2490000,3890000,"Computadores Portátiles",,,"https://tntltda.com/wp-content/uploads/2024/12/PORTATIL-CORPORATIVO-LENOVO-V14-G3-IAP.webp, https://tntltda.com/wp-content/uploads/2024/12/PORTATIL-CORPORATIVO-LENOVO-V14-G3-IAP-.webp",,,,,,,,,0,
3167,simple,,,"PORTÁTIL CORPORATIVO LENOVO V14 G4",1,0,visible,,"<h1><strong>PORTÁTIL CORPORATIVO LENOVO V14 G4 </strong></h1>\n<h3>AMD RYZEN 7 7730U</h3>\n<h3>16GB DDR4 - 512GB</h3>\n<h3>SSD PANTALLA 14""</h3>\n<h3>WINDOWS 11 PRO</h3>",,,taxable,,1,,,0,0,,,,,0,,2559000,2990000,"Computadores Portátiles",,,"https://tntltda.com/wp-content/uploads/2024/12/PORTATIL-CORPORATIVO-LENOVO-V14-G3-IAP.webp, https://tntltda.com/wp-content/uploads/2024/12/PORTATIL-CORPORATIVO-LENOVO-V14-G3-IAP-.webp",,,,,,,,,0,
3169,simple,,,"PORTÁTIL CORPORATIVO DELL LATITUDE 3440",1,0,visible,,"<h1><strong>PORTÁTIL CORPORATIVO DELL LATITUDE 3440 </strong></h1>\n<h3>INTEL CORE I5</h3>\n<h3>1235U -8GB-256 GB</h3>\n<h3>SSD PANTALLA 14"" FHD</h3>\n<h3>WINDOWS 11 PRO</h3>\n<h3>GREY</h3>",,,taxable,,1,,,0,0,,,,,0,,2190000,2500000,"Computadores Portátiles",,,"https://tntltda.com/wp-content/uploads/2024/12/PORTATIL-CORPORATIVO-DELL-LATITUDE-3440.jpg, https://tntltda.com/wp-content/uploads/2024/12/PORTATIL-CORPORATIVO-DELL-LATITUDE-3440-.jpg",,,,,,,,,0,
3172,simple,,,"CAMARA WEB 4K PREMIUM MX BRIO 705 LOGITECH",1,0,visible,,"<h1>CAMARA WEB 4K PREMIUM MX BRIO 705 LOGITECH</h1>",,,taxable,,1,,,0,0,,,,,0,,769000,840600,"OFERTAS HOY, Partes y accesorios",,,"https://tntltda.com/wp-content/uploads/2024/12/CAMARA-WEB-4K-PREMIUM-MX-BRIO-705-LOGITECH.webp, https://tntltda.com/wp-content/uploads/2024/12/CAMARA-WEB-4K-PREMIUM-MX-BRIO-705-LOGITECH-.png",,,,,,,,,0,
3177,simple,,,"COMBO DE TECLADO LOGITECH MK270",1,0,visible,,"<h1><strong>COMBO DE TECLADO LOGITECH MK270 </strong></h1>\n<h3><strong>Especificaciones técnicas</strong>\nRadio de acción inalámbrico: 10 metros. El radio de acción inalámbrico depende de las condiciones del entorno y de los dispositivos.</h3>\n<h3><strong>Teclado</strong>\nDiseño resistente a salpicaduras Pruebas realizadas en condiciones limitadas (máximo de 60 ml de líquido). No sumerjas el teclado en ningún líquido.\nAltura de teclado ajustable\nTeclado numérico con 10 teclas\nTipo de teclas: cóncavas\nIndicador luminoso de bloqueo de mayúsculas\nConmutador de encendido/apagado\n2 baterías AAA (alcalinas)</h3>\n<h3>\n<strong>Mouse</strong>\nTecnología del sensor: Seguimiento óptico uniforme\nNúmero de botones: 3 (click izquierdo/derecho, click de botón central)\nDesplazamiento: línea a línea\nRueda de desplazamiento: Sí, 2D, óptico\nConexión/alimentación: Botón de encendido/apagado\n1 batería AA (alcalina)</h3>",,,taxable,,1,,,0,0,,,,,0,,103900,189000,"Partes y accesorios",,,"https://tntltda.com/wp-content/uploads/2025/01/COMBO-DE-TECLADO-MK270.webp, https://tntltda.com/wp-content/uploads/2025/01/COMBO-DE-TECLADO-MK270-.webp",,,,,,,,,0,
3180,simple,,,"COMBO DE TECLADO LOGITECH MK220",1,0,visible,,"<h1>COMBO DE TECLADO LOGITECH MK220</h1>\n<h3><strong>Especificaciones técnicas</strong>\nRadio de acción inalámbrico: 10 metros</h3>\n<h3>\nTeclado\nTeclado numérico con 10 teclas\nControles de música\nHasta 5 millones de pulsaciones (excluida la tecla de bloque numérico)\nTipo de teclas: Teclas cóncavas\nResistente a salpicaduras 2Pruebas realizadas en condiciones limitadas (máximo de 60 ml de líquido). No sumerjas el teclado en ningún líquido.\n2 pilas AAA (pilas alcalinas)</h3>\n<h3>\nMouse\nTecnología de sensor: Seguimiento óptico uniforme\nNúmero de botones: 3 (click izquierdo/derecho, click de botón central)\nDesplazamiento: línea a línea\nRueda de desplazamiento: Sí, óptico\n2 baterías AA (alcalinas)\nSostenibilidad\nPlástico del mouse: 66% de material reciclado posconsumo\nPlástico del teclado: 44% de material reciclado posconsumo\nPlástico del receptor: 75% de material reciclado posconsumo\nHuella de carbono del producto: 5,72 kg de CO2e\nCon certificación de carbono neutral\n\nNúmero de referencia\n920-004430</h3>\nhttps://www.logitech.com/es-roam/products/combos/mk220-compact-keyboard-mouse.920-004430.html?srsltid=AfmBOooynu-RyTMKjSFPtgpkZ4KfcuiNCRhQTyCoFRVcewuvTj2ydWV4\n\n&nbsp;",,,taxable,,1,,,0,0,,,,,0,,97900,109900,"Partes y accesorios",,,"https://tntltda.com/wp-content/uploads/2025/01/COMBO-DE-TECLADO-MK220.webp, https://tntltda.com/wp-content/uploads/2025/01/COMBO-DE-TECLADO-MK220-.webp",,,,,,,,,0,
3183,simple,,,"COMBO DE TECLADO LOGITECH PERFORMANCE MK850",1,0,visible,,"<h1><strong>COMBO DE TECLADO LOGITECH PERFORMANCE MK850</strong></h1>\n<h3>Receptor Logitech Unifying\nWindows 10, 11 o posteriores\nmacOS: 10.15 o posteriores\nChrome OS™\nBluetooth\nWindows 10, 11 o posteriores\nmacOS: 10.15 o posteriores\niPadOS:13.4 or later\nChrome OS™\nSe requiere acceso a Internet para descargar la aplicación de personalización opcional Logi Options+ 7Disponible para Windows y macOS en logitech.com/optionsp</h3>\nhttps://www.logitech.com/es-es/products/combos/mk850-wireless-keyboard-mouse.html?srsltid=AfmBOoq5T9GFVnsdlEr5q2vc1dg5U_Jf-Ju8A4w0b63_noiLOkX_08AI\n\n&nbsp;",,,taxable,,1,,,0,0,,,,,0,,289900,355000,"Partes y accesorios",,,"https://tntltda.com/wp-content/uploads/2025/01/COMBO-DE-TECLADO-PERFORMANCE-MK850.webp, https://tntltda.com/wp-content/uploads/2025/01/COMBO-DE-TECLADO-PERFORMANCE-MK850-.webp, https://tntltda.com/wp-content/uploads/2025/01/COMBO-DE-TECLADO-PERFORMANCE-MK850-1-1.webp",,,,,,,,,0,
3189,simple,,,"COMBO DE TECLADO LOGITECH MK295",1,0,visible,,"<h1><strong>COMBO DE TECLADO LOGITECH MK295</strong></h1>\n<h2><strong>MK295 Silent Wireless Combo</strong></h2>\n<h3>\nTrabaja en silencio con un 90% menos de ruido de click y pulsaciones de teclado.\nLa combinación inalámbrica silenciosa Logitech MK295 incluye SilentTouch, una tecnología exclusiva de Logitech que elimina más del 90% del ruido producido por teclados y mouse. Ofrece la misma sensación de click y escritura que la mejor combinación de todas y sin molestos ruidos al hacer click o escribir.</h3>\n<h3>Windows 10,11 o posterior\nChromeOS\nRequiere puerto USB disponible.</h3>\n<h3>Radio de acción Wi-Fi (en metros): 10 metros</h3>\n<h3>\nTeclado\nSilentTouch Technology\nAltura de teclado ajustable\nDiseño resistente a salpicaduras\nTecnología inalámbrica de 2,4 GHz (10 metros)\nNano receptor USB\nIndicador luminoso de bloqueo de mayúsculas\nConmutador de encendido/apagado\n2 baterías AAA (alcalinas)</h3>\n<h3>Mouse\nSilentTouch Technology\nForma contorneada y compacta\nControl preciso y uniforme del cursor\nBotón de encendido/apagado\n1 pila AA (alcalina）</h3>\n<h3></h3>",,,taxable,,1,,,0,0,,,,,0,,146900,199000,"Partes y accesorios",,,"https://tntltda.com/wp-content/uploads/2025/01/COMBO-DE-TECLADO-MK295.webp, https://tntltda.com/wp-content/uploads/2025/01/COMBO-DE-TECLADO-MK295-1.webp, https://tntltda.com/wp-content/uploads/2025/01/COMBO-DE-TECLADO-MK295-.webp",,,,,,,,,0,
3193,simple,,,"COMBO DE TECLADO LOGITECH MK235",1,0,visible,,"<h1><strong>MK235 WIRELESS KEYBOARD AND MOUSE COMBO</strong></h1>\n<h3>Duradero. Simple. Sin cable\nEste dúo ofrece todas las funciones necesarias integradas en un diseño confortable, resistente y fácil de usar, y mantiene tu espacio despejado. Con la calidad habitual de Logitech, la combinación inalámbrica MK235 está hecha para durar. Especificaciones técnicas</h3>\n<h3>Teclado\nDiseño resistente a salpicaduras . No sumerjas el teclado en ningún líquido.\nPatas inclinables\nTeclado numérico con 10 teclas\nBotones/Teclas especiales: Quince teclas de función\nHasta 5 millones de pulsaciones\nDos baterías AAA</h3>\n<h3>Mouse\nTecnología del sensor: Seguimiento óptico uniforme\nNúmero de botones: 3 (click izquierdo/derecho, click de botón central)\nDesplazamiento: línea a línea\nRueda de desplazamiento: Sí, 2D, óptico\nConexión/alimentación: Botón de encendido/apagado\nUna batería AA\nDuración de pilas: 12 meses</h3>\n<h3>Aplicación que permite personalizarlo\nCompatibilidad con Logi Options+ para Windows y macOS 4Disponible para Windows y macOS en logitech.com/optionsplus</h3>\n<h3>Sostenibilidad\nPlástico del mouse: 75% de material reciclado posconsumo 5Excluye plástico del receptor, conjunto de cableado impreso (PWA) y empaque.\nPlástico del teclado: 51% de material reciclado posconsumo 6Excluye plástico del receptor, conjunto de cableado impreso (PWA) y empaque.\nHuella de carbono del producto: 8,05 kg de CO2e</h3>\n<h3>Información de garantía\nUn año de garantía de hardware limitada</h3>\n<h3>Número de referencia\n920-007901</h3>",,,taxable,,1,,,0,0,,,,,0,,95000,123000,"Partes y accesorios",,,"https://tntltda.com/wp-content/uploads/2025/01/COMBO-DE-TECLADO-MK235.webp, https://tntltda.com/wp-content/uploads/2025/01/COMBO-DE-TECLADO-MK235-.webp",,,,,,,,,0,
3196,simple,,,"TECLADO LOGITECH INALAMBRICO K270",1,0,visible,,"<h1><strong>TECLADO LOGITECH INALAMBRICO K270</strong></h1>\n<h1>Teclado inalámbrico de tamaño normal</h1>\n<h3>Especificaciones técnicas\nTipo de conexión\nProtocolo Logitech Unifying (2,4 GHz)\nRadio de acción inalámbrico: &gt;10 m 1El radio de acción inalámbrico depende de las condiciones del entorno y de los dispositivos.\nPilas/Baterías\nPilas/Baterías: 18 meses\nPilas/Baterías: 2 pilas AAA (incluidas)\nTeclas especiales\nTeclas de acceso rápido (p. ej. Internet, correo electrónico, teclas multimedia, volumen)\nDuración de las teclas\nHasta 5 millones de pulsaciones</h3>\n<h3>Sostenibilidad\nPlástico negro: 38% de material reciclado posconsumo 3No incluye receptor, conjunto de cableado impreso (PWA) y embalaje.\nInformación de garantía\nTres años de garantía de hardware limitada</h3>\n&nbsp;",,,taxable,,1,,,0,0,,,,,0,,84900,109000,"Partes y accesorios",,,"https://tntltda.com/wp-content/uploads/2025/01/TECLADO-INALAMBRICO-K270.webp, https://tntltda.com/wp-content/uploads/2025/01/TECLADO-INALAMBRICO-K270-.webp",,,,,,,,,0,
3199,simple,,,"COMBO DE TECLADO LOGITECH MK345",1,0,visible,,"<h1><strong>COMBO DE TECLADO LOGITECH MK345</strong></h1>\n<h3>Cómoda combinación de teclado y mouse inalámbricos MK345\nConfortable combinación inalámbrica con reposamanos\nLa combinación inalámbrica Logitech MK345 se compone de un confortable teclado de tamaño normal y un mouse para la mano derecha. Su conectividad inalámbrica te da la confiabilidad de una conexión con cable y la conveniencia y libertad de una conexión inalámbrica.</h3>\n<h3>Especificaciones técnicas</h3>\n<h3><strong>Teclado</strong>\nDiseño resistente a salpicaduras 1Pruebas realizadas en condiciones limitadas (máximo de 60 ml de líquido). No sumerjas el teclado en ningún líquido.\nPatas inclinables con altura ajustable\nTeclas especiales: Controles de música\nReposamanos\nTeclado numérico con 10 teclas\nTipo de teclas: Teclas cóncavas\nConmutador de encendido/apagado\nDos baterías AAA\nDuración de baterías: 36 meses</h3>\n<h3><strong>Mouse</strong>\nTecnología de sensor: Seguimiento óptico uniforme\nNúmero de botones: 3 (click izquierdo/derecho, click de botón central)\nDesplazamiento: línea a línea\nRueda de desplazamiento: Sí, 2D, mecánico\nConexión/alimentación: Botón de encendido/apagado\n1 pila AA\nDuración de baterías: 18 meses</h3>\n<h3>Radio de acción inalámbrico\n10 metros El radio de acción inalámbrico depende del usuario, las condiciones del entorno y de los dispositivos.</h3>\n<h3></h3>\n&nbsp;",,,taxable,,1,,,0,0,,,,,0,,134900,178000,"Partes y accesorios",,,"https://tntltda.com/wp-content/uploads/2025/01/COMBO-DE-TECLADO-MK345-.webp, https://tntltda.com/wp-content/uploads/2025/01/COMBO-DE-TECLADO-MK345.webp",,,,,,,,,0,
3200,simple,,,"COMBO DE TECLADO LOGITECH MK540",1,0,visible,,"<h1><strong>COMBO DE TECLADO LOGITECH MK540</strong></h1>\n<h2>MK540 ADVANCED\nInmediatamente natural. Simplemente avanzado.\nMK540 Advanced es una combinación inalámbrica de teclado y mouse que ofrece precisión, confort y confiabilidad.</h2>\n<h3>Especificaciones técnicas\nRadio de acción Wi-Fi (en metros): 10 metros</h3>\n<h3>\nTeclado\nDiseño resistente a salpicaduras 2Pruebas realizadas en condiciones limitadas (máximo de 60 ml de líquido). No sumerjas el teclado en ningún líquido.\nForma y sensación de teclas familiar, silencioso\nAltura ajustable: Tres posiciones de inclinación (natural, 4° y 8°)\nBotones/Teclas especiales: Controles de música, teclas programables\nReposamanos\nEstampado de teclas resistente a la abrasión\nTeclado numérico con 10 teclas\nTipo de teclas: Teclas cóncavas\nConmutador de encendido/apagado\nIndicador luminoso de bloqueo de mayúsculas\nIndicador de carga de baterías\n2 baterías AA (alcalinas)\nBatería: 36 meses -La duración de las baterías depende del uso y de los dispositivos.</h3>\n<h3>Mouse\nTecnología de sensor: Seguimiento óptico uniforme\nNúmero de botones: 3 (click izquierdo/derecho, click de botón central)\nDesplazamiento: línea a línea\nRueda de desplazamiento: Sí, 2D, óptico\nConexión/alimentación: Botón de encendido/apagado\n1 batería AA (alcalina)\nBatería: 18 meses 4La duración de las baterías depende del uso y de los dispositivos.</h3>\n<h3>\nAplicación de personalización\nCompatibilidad con Logi Options+ para Windows y macOS -Disponible para Windows y macOS en logitech.com/optionsplus</h3>",,,taxable,,1,,,0,0,,,,,0,,169000,223000,"Partes y accesorios",,,"https://tntltda.com/wp-content/uploads/2025/01/COMBO-DE-TECLADO-MK540.webp, https://tntltda.com/wp-content/uploads/2025/01/COMBO-DE-TECLADO-MK540-.webp",,,,,,,,,0,
3203,simple,,,"COMBO TECLADO LOGITECH ALAMBRICO MK120",1,0,visible,,"<h1><strong>COMBO TECLADO LOGITECH ALAMBRICO MK120</strong></h1>\n<h3>Desplazamiento preciso que facilita las tareas cotidianas\nFunciona con Windows, MacOS y Linux y Chromebook\nDiseño resistente a salpicaduras, teclas cómodas y curvadas\nMouse de tamaño normal, ambidiestro de seguimiento fluido\nConexión Plug and Play sin configuraciones ni complicaciones\nResumen del producto</h3>\n<h3>\nCombo MK120 LOGITECH demuestra que si es posible hacer las cosas sin complicaciones. Un teclado y un mouse de tamaño normal cuyo diseño familiar y fácil de usar agiliza la puesta en marcha. Sólo hay que conectar esta combinación con cable de largo alcance a una toma USB para empezar a usarla.</h3>\n<h3>Lleva el tuyo ahora.</h3>",,,taxable,,1,,,0,0,,,,,0,,74900,102000,"Partes y accesorios",,,https://tntltda.com/wp-content/uploads/2025/01/COMBO-TECLADO-ALAMBRICO-MK120.webp,,,,,,,,,0,
3205,simple,,,"TECLADO LOGITECH WAVE KEYS",1,0,visible,,"<h1><strong>TECLADO LOGITECH WAVE KEYS </strong></h1>\n<h3>Wave Keys\nUn teclado ergonómico inalámbrico con un reposamanos acolchado, para una escritura natural y agradable durante todo el día.</h3>\n<h3>Especificaciones técnicas\nAplicación de personalización\nSupported by Logi Options+ App on Windows® and macOS 1Requiere la aplicación Logi Options +, disponible para Windows y macOS en logi.com/optionsplus\nBatería\nTipo de batería: 2x AAA (incluidas)\nDuración de baterías: hasta 36 meses 2La duración de las baterías depende del uso y de los dispositivos.\nDiseño compacto con teclado numérico\nDiseño con doble impresión (Windows/Mac)\nTeclas Easy-Switch (se pueden conectar 3 dispositivos multisistema operativo)\nPatas ajustables (+4 grados)\nConmutador de encendido/apagado\nIndicadores luminosos de bloqueo de mayúsculas y carga de batería\nCompatible con mouse dotado de tecnología Logitech Flow 3Requiere la aplicación Logi Options +, disponible para Windows y macOS en logi.com/optionsplus</h3>\n<h3>\nSostenibilidad\n\nEmpacado de papel: Con certificación FSC™\nCon certificación Carbon Neutral</h3>",,,taxable,,1,,,0,0,,,,,0,,259000,340000,"Partes y accesorios",,,"https://tntltda.com/wp-content/uploads/2025/01/TECLADO-WAVE-KEYS.webp, https://tntltda.com/wp-content/uploads/2025/01/TECLADO-WAVE-KEYS-.webp",,,,,,,,,0,
3208,simple,,,"TECLADO LOGITECH MX KEYS MINI ROSA",1,0,visible,,"<h1><strong>TECLADO MX KEYS MINI ROSA</strong></h1>\n<h4>MX Keys Mini\nTeclado inalámbrico iluminado minimalista</h4>\n<h4>Éste es MX Keys Mini, un teclado minimalista hecho para creadores. Un formato más pequeño y teclas más inteligentes potencian la capacidad de crear y hacer cosas.</h4>\n<h4>Especificaciones técnicas\nTeclado inalámbrico minimalista iluminado\nConexión mediante tecnología Bluetooth de bajo consumo\nEasy-Switch: conecta hasta tres dispositivos y alterna entre ellos\nRadio de acción inalámbrico de 10 metros 1El radio de acción inalámbrico depende del entorno operativo y de la configuración de la computadora.\nRetroiluminación activada por sensor de proximidad de manos\nSensor de luz ambiental con ajuste automático\nRecargable por USB-C: hasta 10 días o hasta 5 meses con la retroiluminación desactivada 2La duración de las baterías depende del uso y de los dispositivos.\nConmutador de encendido/apagado\nIndicadores luminosos de bloqueo de mayúsculas y carga de batería\nCompatible con mouse dotado de tecnología Logitech Flow 3Requiere Logi Options+ disponible para Windows y macOS en logitech.com/optionsplus</h4>\n<h4>Batería\nBatería recargable de Li-Po (1500 mAh)</h4>\n<h4>Aplicación de personalización\nCompatible con Logi Options+ en Windows y macOS 4Disponible para Windows y macOS en logitech.com/optionsplus</h4>\n<h4>ATENCIÓN: FILEVAULT\nFileVault es un sistema de cifrado disponible en algunos equipos Mac. Cuando está activado, puede impedir que los dispositivos Bluetooth se conecten con la computadora si aún no iniciaste sesión. Si tienes FileVault activado, aconsejamos la compra del receptor USB Logi Bolt compatible.</h4>\n<h4>\nSostenibilidad\nPlástico en grafito: 30% de material reciclado posconsumo\nPlástico gris pálido y rosado: 12% de material reciclado posconsumo\nEmpacado de papel: Certificación para FSC™\nHuella de carbono del producto: 10,78 kg CO2e\nCertificación de neutralidad de carbono</h4>",,,taxable,,1,,,0,0,,,,,0,,394900,440000,"Partes y accesorios",,,"https://tntltda.com/wp-content/uploads/2025/01/TECLADO-MX-KEYS-MINI-ROSA.webp, https://tntltda.com/wp-content/uploads/2025/01/TECLADO-MX-KEYS-MINI-ROSA-.webp",,,,,,,,,0,
3211,simple,,,"TECLADO LOGITECH POP KEYS",1,0,visible,,"<h1><strong>TECLADO LOGITECH POP KEYS </strong></h1>\n<h4>\n<strong>Teclado mecánico inalámbrico con teclas de emojis personalizables</strong>\n<strong>Da rienda suelta a tu personalidad en tu escritorio y más allá con POP Keys. Úsalo con POP Mouse a juego para reflejar cómo eres, con una estética de escritorio llamativa y divertidas teclas de emojis personalizables.</strong></h4>\n<h4>Especificaciones técnicas\nTipo de conexión: Tecnología inalámbrica Bluetooth de bajo consumo (Bluetooth 5.1)\nRadio de acción inalámbrico: 10 metros\nInterruptores mecánicos (Brown táctiles)\nBatería: 2 x AAA\nDuración de baterías: 36 meses</h4>\n<h4>Indicadores luminosos (LED): LED de carga, 3 LED de canal Bluetooth, LED de bloqueo de mayúsculas</h4>\n<h4>Teclas especiales: 12 accesos directos FN que incluyen teclas multimedia, voz a texto, silencio de micrófono, recorte de pantalla -Requiere Logi Options+, disponible para Windows y macOS en www.logitech.com/optionsplus. Windows® y macOS suministran el dictado, y actualmente sólo está disponible para ciertos idiomas y regiones.</h4>\n<h4>Más información en: www.logitech.com/support/OSdictation\n\nConmutador de encendido/apagado con tecnología de ahorro de energía\nAplicación que permite personalizarlo\nCompatibilidad con Logi Options+ para Windows y macOS 3Disponible para Windows y macOS en logitech.com/optionsplus</h4>",,,taxable,,1,,,0,0,,,,,0,,375900,438000,"Partes y accesorios",,,"https://tntltda.com/wp-content/uploads/2025/01/TECLADO-POP-KEYS.webp, https://tntltda.com/wp-content/uploads/2025/01/TECLADO-POP-KEYS-.webp",,,,,,,,,0,
3214,simple,,,"CAMARA LOGITECH BRIO 100",1,0,visible,,"<h1><strong>CAMARA LOGITECH BRIO 100</strong></h1>\n<h4>BRIO 100\nCámara web Full HD 1080p con equilibrio de iluminación automático, tapa de privacidad integrada y micrófono integrado.</h4>\n<h4>Especificaciones técnicas\nMúltiples resoluciones\n1080p/30 fps (1920 x 1080 píxeles)\n720p/30 fps (1280 x 720 píxeles)\nMegapíxeles de cámara: 2 MP\nTipo de enfoque: Foco fijo\nTipo de lente: Lente especial de plástico de 4 elementos con revestimiento antirreflectante\n(Se requieren al menos 2 GB de RAM para streaming de video 1080p y suele hacer falta 1 GB para streaming 720p)\nTipo de micrófono integrado\nMicrófono omnidireccional\nRadio de acción del micrófono: Hasta 1 m\nCampo visual diagonal (dFoV): 58°\nTapa de privacidad integrada\nConectividad USB: Plug and Play USB-A\nCorrección de iluminación automática RightLight 2 para luces difíciles</h4>\nEmpacado de papel: Con certificación FSC™",,,taxable,,1,,,0,0,,,,,0,,169000,219000,"Partes y accesorios",,,"https://tntltda.com/wp-content/uploads/2025/01/CAMARA-BRIO-100.webp, https://tntltda.com/wp-content/uploads/2025/01/CAMARA-BRIO-100-.webp",,,,,,,,,0,
3217,simple,,,"CAMARA LOGITECH MX BRIO",1,0,visible,,"<h1><strong>CAMARA LOGITECH MX BRIO </strong></h1>\n<h4>MX Brio Cámara web 4K</h4>\n<h4>Desempeño excepcional, diseño impresionante.\nNUESTRA CÁMARA WEB MÁS AVANZADA HASTA LA FECHA\nReúnase y haga streaming con calidad de vídeo, detalle y precisión de color excepcionales con resolución UHD 4K a 30 fps o 1080p a 60 fps con nuestro sensor de cámara web más avanzado hasta la fecha, con píxeles un 70% más grandes en comparación con la cámara web Brio 4K para una calidad de imagen nítida.</h4>\n<h4>La CAMARÁ WEB MX BRIO 705 4K cuenta con una resolución de 4k/30 fps (hasta 3840 x 2160 píxeles), 1080p/30 o 60 fps (hasta 1920 x 1080 píxeles), 720p/30 o 60 fps (hasta 1280 x 720 píxeles)</h4>\n<h4>\nEl sensor de imagen en la CAMARÁ WEB MX BRIO 705 4K es Sony STARVIS de 8,5 MP, lente de cristal y Zoom digital 4x</h4>\n<h4>\nLa CAMARÁ WEB MX BRIO 705 4K cuenta con una tecnología de corrección de iluminación automática RightLight 5 con HDR y mejora de imagen basada en la cara representa los tonos de piel con mayor precisión.</h4>\n<h4>\nEl audio de la CAMARÁ WEB MX BRIO 705 4K es a través de dos micrófonos integrados con formación de haces con un radio de acción de hasta 1,2 m</h4>\n&nbsp;",,,taxable,,1,,,0,0,,,,,0,,784000,910000,"Partes y accesorios",,,"https://tntltda.com/wp-content/uploads/2025/01/CAMARA-MX-BRIO.webp, https://tntltda.com/wp-content/uploads/2025/01/CAMARA-MX-BRIO-.webp",,,,,,,,,0,
3220,simple,,,"MOUSE LOGITECH ERGO M575",1,0,visible,,"<h1><strong>MOUSE LOGITECH ERGO M575</strong></h1>\n<h4>Características: Botón de pulgar programable: cuenta con un botón de pulgar programable que puedes personalizar para realizar acciones comunes con mayor eficiencia. Puedes programar el botón para abrir aplicaciones, cambiar de ventana, ajustar el volumen o realizar cualquier otra acción que desees.</h4>\n<h4>Sensor de alta precisión: cuenta con un sensor de alta precisión que rastrea con precisión en cualquier superficie, incluso en cristal. Esto te permite disfrutar de un control preciso del cursor, incluso en los entornos más exigentes.</h4>\n<h4>Conectividad inalámbrica 2.4 GHz:se conecta a tu computadora mediante un receptor USB inalámbrico 2.4 GHz. Esto te proporciona una conexión estable y confiable a tu computadora, sin necesidad de cables.</h4>\n<h4>Batería de larga duración:funciona con una sola pila AA que puede durar hasta 24 meses. Esto te permite usarlo durante mucho tiempo sin tener que preocuparte por quedarte sin batería.</h4>\n<h4>Compatible con múltiples sistemas operativos:es compatible con una amplia gama de sistemas operativos, incluyendo Windows, macOS, Chrome OS y Linux. Esto te permite usarlo con cualquier computadora que tengas.</h4>\n<h4>Color negro elegante:está disponible en un elegante color negro que combina con tu espacio de trabajo.</h4>\n<h4>Beneficios: Cómodo y ergonómico: Su diseño ergonómico vertical reduce la tensión en la muñeca y el antebrazo para una mayor comodidad durante todo el día.</h4>\n<h4>Preciso y confiable: El seguimiento preciso en cualquier superficie y la conectividad inalámbrica confiable te permiten trabajar o jugar con confianza.</h4>\n<h4>Productivo y eficiente: El botón de pulgar programable te ayuda a ahorrar tiempo y mejorar tu productividad. Portátil y versátil: Su diseño compacto y portátil lo hace ideal para llevarlo contigo a cualquier lugar. Elegante y moderno: El color negro elegante añade un toque de estilo a tu espacio de trabajo.</h4>",,,taxable,,1,,,0,0,,,,,0,,190000,245000,"Partes y accesorios",,,"https://tntltda.com/wp-content/uploads/2025/01/MOUSE-ERGO-M575.webp, https://tntltda.com/wp-content/uploads/2025/01/MOUSE-ERGO-M575-.webp",,,,,,,,,0,
3223,simple,,,"MOUSE LOGITECH M350",1,0,visible,,"<h1><strong>MOUSE LOGITECH M350</strong></h1>\n<h4><strong>Pebble M350</strong>\nModerno, compacto y silencioso mouse inalámbrico Bluetooth.\nHaz cualquier espacio minimalista, moderno y silencioso con Pebble. Es el mouse portátil que va dondequiera que vayas, con una forma natural, y desplazamiento y clicks silenciosos, para que trabajes a tu aire sin importunar a nadie a tu alrededor.</h4>\n<h4>Especificaciones técnicas\nTecnología de sensor: Seguimiento óptico de alta precisión\nResolución de sensor: 1000 DPI\nNúmero de botones: 3\nRueda de desplazamiento: Sí - Mecánico\nBotones de desplazamiento: Botón central\nMouse apto para Unifying: Sí\nReceptor apto para Unifying: No\nBatería: 18 meses\nTipo de batería: Una batería AA preinstalada\nTecnología inalámbrica: Tecnología Bluetooth de bajo consumo\nDistancia de funcionamiento inalámbrico: 10 metros 1El radio de acción inalámbrico depende de las condiciones del entorno y de los dispositivos.</h4>",,,taxable,,1,,,0,0,,,,,0,,97900,128000,"Partes y accesorios",,,"https://tntltda.com/wp-content/uploads/2025/01/MOUSE-M350-.jpg, https://tntltda.com/wp-content/uploads/2025/01/MOUSE-M350.webp",,,,,,,,,0,
3226,simple,,,"MOUSE LOGITECH M170",1,0,visible,,"<h1><strong>MOUSE LOGITECH M170</strong></h1>\n<h4><strong>Especificaciones técnicas</strong></h4>\n<h4>Tecnología de sensor\nSeguimiento óptico uniforme\nDPI (mín./máx.): 1000±\nBotones\nNúmero de botones: 3 (click izquierdo/derecho, click de botón central)\nAplicación que permite personalizarlo\nCompatibilidad con Logi Options+ para Windows y macOS 1Disponible para Windows y macOS en logitech.com/optionsplus\nDesplazamiento\nDesplazamiento línea por línea\nRueda de desplazamiento: Sí, 2D, óptico\nBatería\nBatería: 12 meses 2La duración de las baterías depende del uso y de los dispositivos\nDetalles de batería: 1 x AAA (incluida)\nConectividad\nTipo de conexión: Conexión inalámbrica de 2.4 GHz\nRadio de acción inalámbrico: 10 metros 3El radio de acción inalámbrico depende del usuario, las condiciones del entorno y de los dispositivos.\nConexión / Encendido: Sí, interruptor de encendido/apagado</h4>",,,taxable,,1,,,0,0,,,,,0,,48900,61000,"Partes y accesorios",,,"https://tntltda.com/wp-content/uploads/2025/01/MOUSE-M170-.webp, https://tntltda.com/wp-content/uploads/2025/01/MOUSE-M170.webp",,,,,,,,,0,
3229,simple,,,"MOUSE LOGITECH MX VERTICAL",1,0,visible,,"<h1><strong>MOUSE LOGITECH MX VERTICAL </strong></h1>\n<h4>Mouse ergonómico avanzado\nMX Vertical es un mouse ergonómico avanzado que combina un diseño con base científica y el alto desempeño de la serie MX de Logitech. Supera las molestias con un mouse diseñado para reducir la tensión muscular, disminuir la presión en la muñeca y mejorar la postura.</h4>\n<h4>Especificaciones técnicas\nSensor\nValor nominal: 1000 y 1600 dpi\ndpi (valores mínimo y máximo): 400-4000 dpi (ajustable en incrementos de 50 dpi)\nBotones\n4 botones personalizables (de forma predeterminada: Retroceso/Avance, click y click de botón central)\nAplicación de personalización\nCompatibilidad con Logi Options+ para Windows y macOS 7Disponible para Windows y macOS en logitech.com/optionsplus\nRueda de desplazamiento\nBotón scroll de precisión\nBatería\nBatería recargable Li-Po (240 mAh)\nTecnología inalámbrica\nReceptor USB Unifying\nBluetooth de bajo consumo (BLE): 4.2\nDistancia de funcionamiento inalámbrico: 10 m 8El radio de acción inalámbrico depende del entorno operativo y de la configuración del ordenador.\nSostenibilidad\nEmpacado de papel: Con certificación FSC™\nCon certificación de carbono neutral</h4>",,,taxable,,1,,,0,0,,,,,0,,389000,456000,"Partes y accesorios",,,"https://tntltda.com/wp-content/uploads/2025/01/MOUSE-MX-VERTICAL-.webp, https://tntltda.com/wp-content/uploads/2025/01/MOUSE-MX-VERTICAL-1-1.webp",,,,,,,,,0,
3232,simple,,,"MOUSE LOGITECH G502",1,0,visible,,"<h1><strong>MOUSE LOGITECH G502</strong></h1>\n<h4>G502 HERO: dispone de un sensor óptico avanzado para máxima precisión de seguimiento, iluminación RGB personalizada, perfiles de juego personalizados, de 100 a 16.000 dpi y pesas reposicionables.</h4>\n<h4>SENSOR HERO 16K</h4>\n<h4>HERO es nuestro sensor para juegos con una precisión de próxima generación y una arquitectura específica. Con el procesamiento de frecuencia de cuadro más rápido hasta la fecha, HERO es capaz de más de 400 ips y 100 - 16.000 dpi, sin suavizado, filtrado ni aceleración. HERO ofrece precisión al más alto nivel competitivo y máxima uniformidad de respuesta. Asegúrate de personalizar y ajustar tu configuración de dpi con Logitech G HUB.</h4>",,,taxable,,1,,,0,0,,,,,0,,397900,456000,"Partes y accesorios",,,"https://tntltda.com/wp-content/uploads/2025/01/MOUSE-G502-.webp, https://tntltda.com/wp-content/uploads/2025/01/MOUSE-G502.webp",,,,,,,,,0,
3235,simple,,,"MOUSE LOGITECH LIFT LEFT",1,0,visible,,"<h1><strong>MOUSE LOGITECH LIFT LEFT</strong></h1>\n<h4>LIFT\nConfort prolongado, ideal para manos pequeñas y medianas.\nLevanta la mano, enderézala en una postura más natural y descubre la verdadera comodidad. Relájate y aumenta la productividad con el mouse ergonómico vertical Lift, un dispositivo diseñado para manos pequeñas y medianas, con una opción disponible también para usuarios zurdos.</h4>\n<h4>Especificaciones técnicas\nTecnología de sensor\nTipo de sensor: Seguimiento óptico avanzado de Logitech\nRango de dpi: 400-4000 dpi (totalmente ajustable con incrementos de 100 dpi)\nValor nominal: 1000 DPI\nBotones\nNúmero de botones: 6 (click izquierdo/derecho, retroceso/avance, botón central, botón rueda con click de botón central)\nAplicación que permite personalizarlo\nCompatibilidad con Logi Options+ para Windows y macOS 1Disponible para Windows y macOS en logitech.com/optionsplus\nBatería\nTipo de baterías: 1 batería AA (incluida)\nDuración de baterías: hasta 24 meses 2La duración de las baterías depende del uso y de los dispositivos.\nCompatibilidad con tipo de conexión\nReceptor USB Logi Bolt (incluido)\nTecnología Bluetooth® de bajo consumo\nRadio de acción inalámbrico\nRadio de acción inalámbrico de 10 m 3El radio de acción inalámbrico depende del entorno operativo y de la configuración del ordenador.\nSostenibilidad\nPlástico en grafito: 70% de material reciclado posconsumo 4Excluye plástico en el receptor, la pila, el conjunto de cableado impreso (PWA) el cable FFC.\nPlástico en blanco crudo y rosado: 54% de material reciclado posconsumo 5Excluye plástico en el receptor, la pila, el conjunto de cableado impreso (PWA) el cable FFC.\nEmpacado de papel: Con certificación FSC™</h4>\n&nbsp;",,,taxable,,1,,,0,0,,,,,0,,315900,399000,"Partes y accesorios",,,"https://tntltda.com/wp-content/uploads/2025/01/MOUSE-LIFT-LEFT-.webp, https://tntltda.com/wp-content/uploads/2025/01/MOUSE-LIFT-LEFT.webp",,,,,,,,,0,
3238,simple,,,"MOUSE LOGITECH G305",1,0,visible,,"<h1><strong>MOUSE LOGITECH G305</strong></h1>\n<h4>TECNOLOGÍA INALÁMBRICA LIGHTSPEED PARA TODOS. TECNOLOGÍA INALÁMBRICA LIGHTSPEED DE PRÓXIMA GENERACIÓN LISTA AHORA PARA TODOS LOS JUGADORES\nG305 es un ratón inalámbrico para gaming LIGHTSPEED diseñado para un rendimiento excelente con las innovaciones tecnológicas más recientes a un precio asequible.</h4>\n<h4>• SENSOR HERO. RENDIMIENTO DE 12.000 DPI, EFICIENCIA 10X\nEl sensor HERO es el sensor óptico para gaming de Logitech G de próxima generación capaz de un rendimiento increíble y de una eficiencia sin precedentes. Porque en el gaming inalámbrico, no puede haber concesiones. Programa dpi de 200 a 12.000 y guarda hasta cinco perfiles en la memoria integrada.</h4>\n<h4>• MÁS SOBRE EL SENSOR HERO. TECNOLOGÍA INALÁMBRICA LIGHTSPEED SIN CABLES. SIN LÍMITES.\nCon LIGHTSPEED, la tecnología inalámbrica es tan rápida como la conexión con cable. La solución integral diseñada meticulosamente de Logitech G da a los jugadores la libertad de la tecnología inalámbrica y el rendimiento de 1 ms necesarios para gaming.</h4>\n<h4>• MÁS SOBRE LIGHTSPEED. DURACIÓN ULTRALARGA. 250 HORAS, UNA PILA AA\nEl sensor HERO y LIGHTSPEED ofrecen una eficiencia extrema para que puedas jugar durante 250 horas con una sola pila AA. Cuenta con unos nueve meses de uso habitual, al máximo rendimiento, antes de tener que cambiar la pila.2 Y no te preocupes, el ratón G305 tiene un indicador luminoso que te avisa cuando queda un 15% de carga de la pila.</h4>",,,taxable,,1,,,0,0,,,,,0,,174000,233000,"Partes y accesorios",,,https://tntltda.com/wp-content/uploads/2025/01/MOUSE-G305.webp,,,,,,,,,0,
3240,simple,,,"MOUSE LOGITECH ALAMBRICO G203",1,0,visible,,"<h1><strong>MOUSE LOGITECH ALAMBRICO G203</strong></h1>\n<h4>Eleva tu experiencia de juego con el mouse Logitech G Series Lightsync G203 Azul. Diseñado para brindar un rendimiento excepcional, este mouse gamer te sumergirá en un mundo de precisión y personalización. Con su iluminación Lightsync RGB y su diseño ergonómico, este mouse no solo ofrece un rendimiento impresionante, sino que también agrega un toque de estilo a tu configuración de juego.</h4>\n<h4>El mouse Logitech G Series Lightsync G203 Azul cuenta con un sensor óptico de alta precisión, que garantiza movimientos suaves y precisos en todo momento. Con una resolución ajustable de hasta 8000 DPI, podrás adaptar la sensibilidad del cursor para un control preciso y rápido en tus juegos favoritos.</h4>\n<h4>Además, la iluminación Lightsync RGB permite personalizar el aspecto de tu mouse con una amplia gama de colores y efectos dinámicos. Sumérgete en una experiencia visual única que se sincroniza con tu juego o tu ambiente de juego.</h4>\n<h4>El diseño ergonómico del mouse G203 Azul ofrece comodidad durante horas de juego intenso. Sus botones programables te permiten asignar macros y comandos personalizados para una ventaja competitiva. Además, el software Logitech G HUB te brinda control total sobre tu mouse, permitiéndote ajustar la configuración y guardar perfiles para diferentes juegos.</h4>\n<h4>No dejes que tu experiencia de juego se vea limitada.</h4>",,,taxable,,1,,,0,0,,,,,0,,128000,179000,"Partes y accesorios",,,"https://tntltda.com/wp-content/uploads/2025/01/MOUSE-ALAMBRICO-G203-.webp, https://tntltda.com/wp-content/uploads/2025/01/MOUSE-ALAMBRICO-G203.jpg",,,,,,,,,0,
3243,simple,,,"DIADEMA LOGITECH G435",1,0,visible,,"DIADEMA LOGITECH G435\n<h4>G435\nAudífonos inalámbricos con micrófono LIGHTSPEED para juegos\nDisfruta de juegos y música con confort ligero y sonido potente y limpio. Dos micrófonos con formación de haces reducen el ruido de fondo. Conecta tus dispositivos por tecnología inalámbrica LIGHTSPEED para juegos y Bluetooth®.</h4>\n<h4>ESPECIFICACIONES FÍSICAS\nCompatibilidad e integraciones\nTecnología inalámbrica LIGHTSPEED: Puerto USB 2.0 (puerto tipo A). PC con Windows® 10 o posteriores, macOS X 10.14 o posteriores, PlayStation 5 o PlayStation 4\nBluetooth: Dispositivos con conectividad de audio Bluetooth, incluido ahora Nintendo Switch\nCompatibles Dolby Atmos, Tempest 3D AudioTech y Windows Sonic Spatial Sound\nPC: Compatibilidad completa (no G Hub)\nNintendo: SÍ, BT\nPlaystation 4 y 5: Sólo estéreo USB inalámbrico\nAudífono\nPeso: 165 g\nDimensiones: 163×170×71 mm\nTransductores de audio: 40 mm\nRespuesta de frecuencia: 20 Hz - 20 kHz\nImpedancia: 45 ohmios (pasivo)\nSensibilidad: 83,1 dB SPL/mW\nVolumen máximo: &lt;100 dB con limitador opcional a &lt;85 dB\nDOS MICRÓFONOS DE FORMACIÓN DE HACES INTEGRADOS\nRespuesta de frecuencia: 100Hz-8KHz\nRadio de acción inalámbrico\nHasta 10 metros por receptor USB LIGHTSPEED o Bluetooth\nBATERÍA (RECARGABLE)\nTiempo de uso: 18 horas\nCable de carga: USB-A a USB-C\nPuerto de carga: USB-C\nESPECIFICACIONES DE SOSTENIBILIDAD\nPLÁSTICO RECICLADO\nLas piezas de plástico contienen un mínimo de 22% de plástico reciclado posconsumo por peso, lo que da una segunda vida a los productos electrónicos al final de su vida útil y contribuye a una economía más circular.\nEmpaque responsable\nEl empaque de papel procede de bosques con certificación FSC. Al elegir este producto, contribuyes a la conservación de los bosques del mundo.\nCERTIFICACIÓN CARBONNEUTRAL\nPor cada producto que compres, financiamos compensaciones de carbono certificadas de alta calidad, para reducir a cero la huella de carbono del producto.</h4>",,,taxable,,1,,,0,0,,,,,0,,289000,347000,"Partes y accesorios",,,"https://tntltda.com/wp-content/uploads/2025/01/DIADEMA-G435-.webp, https://tntltda.com/wp-content/uploads/2025/01/DIADEMA-G435.webp",,,,,,,,,0,
3247,simple,,,"DIADEMA LOGITECH  H111",1,0,visible,,"<h1><strong>DIADEMA LOGITECH H111</strong></h1>\n<h4>H111 Stereo Headset\nAudífonos multidispositivo con toma de 3,5 mm\nPermiten oír lo esencial y ser oído con claridad. Los H111 tienen una toma de audio estándar de 3,5 mm y son compatibles con la mayoría de los sistemas operativos y plataformas.</h4>\n<h4>Especificaciones técnicas\nTipo de micrófono: Unidireccional\nSensibilidad (audífono): 32 ohmios\nSensibilidad (audífono): 100 dB +/- 3 dB\nSensibilidad (micrófono): -58 dBV/µBar, -38 dBV/Pa +/- 4 dB\nRespuesta de frecuencia (audífonos): 20 Hz - 20 kHz\nRespuesta de frecuencia (micrófono): 100 Hz - 16 KHz</h4>\n&nbsp;",,,taxable,,1,,,0,0,,,,,0,,44000,57000,"Partes y accesorios",,,"https://tntltda.com/wp-content/uploads/2025/01/DIADEMA-H111-.webp, https://tntltda.com/wp-content/uploads/2025/01/DIADEMA-H111.webp",,,,,,,,,0,
3250,simple,,,"DIADEMA LOGITECH H390",1,0,visible,,"<h1><strong>AURICULARES USB H390 PARA COMPUTADORA</strong></h1>\n<h4>Con audio digital mejorado y controles integrados en el cable\nDisfruta de videollamadas nítidas con una simple conexión USB y un micrófono con supresión de ruido. Controles integrados en el cable para ajustar el volumen o silenciarlo sin interrumpir las llamadas. Transductores optimizados para audio digital mejorado.</h4>\n<h4>Especificaciones técnicas\nTipo de micrófono: Bidireccional\nImpedancia de entrada: 32 Ohm\nSensibilidad (audífono): 94 dBV/Pa +/- 3 dB\nSensibilidad (micrófono): -17 dBV/Pa +/- 4 dB\nRespuesta de frecuencia (audífonos): 20 Hz - 20 kHz\nRespuesta de frecuencia (micrófono): 100 Hz - 10 kHz</h4>",,,taxable,,1,,,0,0,,,,,0,,119000,158000,"Partes y accesorios",,,"https://tntltda.com/wp-content/uploads/2025/01/DIADEMA-H390-.webp, https://tntltda.com/wp-content/uploads/2025/01/DIADEMA-H390.webp",,,,,,,,,0,
3253,simple,,,"DIADEMA LOGITECH ZONE 300",1,0,visible,,"<h1><strong>DIADEMA LOGITECH ZONE 300</strong></h1>\n<h2>Zone 300\nLos auriculares inalámbricos esenciales con excelente audio que te dan la libertad de moverte y mantenerte conectado.</h2>\n<h4>Especificaciones técnicas\nMicrófono\nTipo: Dos micrófonos con tecnología de formación de haces con algoritmos de cancelación de ruido\nRespuesta de frecuencia: 100-7KHz</h4>\n<h4>Altavoces\nRespuesta de frecuencia (modo música): 50-20KHz\nRespuesta de frecuencia (modo de conversación): 100-7KHz\nSensibilidad: 96 dB ±3 dB a1 kHz\nTamaño de transductor: 30 mm\nCumplimiento de normativas de audio: Conforme a EN 50332-2</h4>\n<h4>Batería\nBatería integrada (ion litio)\nDuración de batería (tiempo en conversación): Hasta 16 horas\nDuración de batería (tiempo en escucha): Hasta 20 horas</h4>\n<h4>\nCarga\nCarga completa: 2 horas\nCarga rápida: 5 minutos para hasta 1 hora de conversación 3La duración de las baterías depende del uso y de los dispositivos.\nCable de carga USB-C: 1 m</h4>\n<h4>Conectividad inalámbrica\nVersión Bluetooth de auriculares: 5.3\nDistancia de funcionamiento: Hasta 30 m 4Línea de visión de campo abierto. El radio de acción inalámbrico depende del entorno operativo y de la configuración de los dispositivos.</h4>\n<h4>Software\nPersonalizar la configuración de los auriculares en Logi Tune 5Logi Tune está disponible en Windows, macOS, iOS, iPadOS y Android. Descarga Logi Tune desde logitech.com/tune, Apple App Store o Google Play. Actualmente, los auriculares admiten mensajes de voz en los siguientes idiomas con la aplicación de escritorio Logi Tune: inglés, francés, alemán, italiano, español y portugués. Puedes elegir tu idioma preferido en la aplicación Logi Tune.</h4>",,,taxable,,1,,,0,0,,,,,0,,299900,357000,"Partes y accesorios",,,"https://tntltda.com/wp-content/uploads/2025/01/DIADEMA-ZONE-300-.webp, https://tntltda.com/wp-content/uploads/2025/01/DIADEMA-ZONE-300.webp",,,,,,,,,0,
3256,simple,,,"APUNTADOR LOGITECH R500",1,0,visible,,"<h1><strong>APUNTADOR LOGITECH R500</strong></h1>\n<h4><strong>MANDO LÁSER R500s PARA PRESENTACIONES</strong>\nCon amplia compatibilidad\nRealiza presentaciones impactantes con el remoto inalámbrico R500s para presentaciones. Muévete libremente y navega por las diapositivas a una distancia de hasta 20 metros de la pantalla, y señala las áreas relevantes con el puntero láser rojo.</h4>\n<h4>Especificaciones técnicas\nLáser\nClase: Láser 1\nSalida máx.: menos de 0,039 mW\nLongitud de onda: 640-660 nm (luz roja)</h4>\n<h4>Batería\nBatería: 12 meses + 1 semana extra sin puntero láser 1Cuando la carga es baja, el R500s entra en modo de ahorro de energía y desactiva el láser, para prolongar la duración de las baterías y permitir el uso durante una semana más. La duración de las baterías depende del uso y de los dispositivos.</h4>\n<h4>Indicadores luminosos (LED): LED de batería y conectividad\nAplicación de personalización\nCompatibilidad con Logi Options+ para Windows y macOS 2Disponible para versiones recientes de Windows y macOS en www.logitech.com/software/logi-options-plus</h4>\n<h4>Conectividad\nTipo de conexión: Tecnología Bluetooth de bajo consumo y conexión inalámbrica de 2,4 GHz\nRadio de acción inalámbrico: 20 m 3Depende del uso y del equipo.</h4>",,,taxable,,1,,,0,0,,,,,0,,184900,254000,"Partes y accesorios",,,"https://tntltda.com/wp-content/uploads/2025/01/APUNTADOR-LOGITECH-R500-.webp, https://tntltda.com/wp-content/uploads/2025/01/APUNTADOR-LOGITECH-R500.webp",,,,,,,,,0,
3259,simple,,,"DISCO SATA 240GB CRUCIAL BX500",1,0,visible,,"<h1><strong>DISCO SATA 240GB CRUCIAL BX500</strong></h1>\n<h4>Rendimiento Esencial.\nLa forma más fácil de obtener toda la velocidad de un ordenador nuevo de manera asequible.\n¿Se ha preguntado alguna vez por qué su teléfono responde más rápido que su ordenador? Es porque su teléfono funciona con una memoria flash. Añada memoria flash a su portátil u ordenador de escritorio con la unidad de estado sólido Crucial BX500, la forma más fácil de conseguir toda la velocidad de un ordenador nuevo sin tener que pagar su precio. Acelere todo.</h4>\n<h4>Rendimiento mejorado\nArranque más rápido. Cargue archivos más rápido. Mejore la capacidad de respuesta general del sistema para todas sus necesidades informáticas.</h4>\n<h4>Herramientas para una instalación fácil\nLa instalación resulta sencilla y directa con nuestras instrucciones fáciles, software de clonación y vídeos tutoriales. Millones de personas han actualizado a una unidad de estado sólido Crucial.</h4>",,,taxable,,1,,,0,0,,,,,0,,119000,177000,"Partes y accesorios",,,https://tntltda.com/wp-content/uploads/2025/01/DISCO-SATA-240GB-CRUCIAL-BX500.png,,,,,,,,,0,
3261,simple,,,"DISCO SATA 240GB KINGSTON",1,0,visible,,"<h1><strong>DISCO SATA 240GB KINGSTON</strong></h1>\n<h4>Características Destacadas\nVelocidades de lectura de hasta 500 MB/s\nVelocidades de escritura de hasta 450 MB/s\n10 veces más rápida que los discos duros tradicionales\nAlta resistencia a impactos y vibraciones\nDisponible en capacidades de hasta 960GB\nIdeal para portátiles y dispositivos móviles\nEspecificaciones Técnicas\nGeneral\nNombre del Producto: Kingston SSD SATA A400\nCapacidades: 120GB, 240GB, 480GB, 960GB\nVelocidades de Lectura: Hasta 500 MB/s\nVelocidades de Escritura: Hasta 450 MB/s\nInterfaz: SATA Rev. 3.0 (6Gb/s) – compatible con versiones anteriores de SATA Rev. 2.0\nDimensiones: 100.0mm x 69.9mm x 7.0mm\nPeso: 41g\nTemperatura de Operación: 0°C~70°C\nTemperatura de Almacenamiento: -40°C~85°C\nVibración en Operación: 2.17G pico (7-800Hz)\nVibración en No Operación: 20G pico (10-2000Hz)\nRendimiento\nTipo de Controlador: 2Ch\nCiclo de Vida (MTBF): 1 millón de horas\nCaracterísticas Adicionales\nSin Partes Móviles: Menor probabilidad de avería y mayor resistencia a impactos y vibraciones\nSilenciosa y Eficiente: Genera menos calor y ruido\nOptimizada para: Cargas de trabajo de ordenadores portátiles y de sobremesa, no para entornos de servidor</h4>\n&nbsp;",,,taxable,,1,,,0,0,,,,,0,,129000,179000,"Suministros para oficina",,,https://tntltda.com/wp-content/uploads/2025/01/DISCO-SATA-240GB-KINGSTON.jpg,,,,,,,,,0,
3264,simple,,,"DISCO SATA 256GB HIKSEMI",1,0,visible,,"<h1><strong>DISCO SATA 256GB HIKSEMI </strong></h1>\n<h4>Descripción\nLa Unidad de Estado Sólido Hiksemi HS-SSD Wave(S) SATA 256GB es la pieza central de la serie WAVE(S) de HIKSEMI, diseñada con un compromiso firme hacia la innovación en el ámbito de las SSD. Esta unidad cuenta con una interfaz SATA de alta velocidad y puede alcanzar velocidades de lectura de hasta 560 MB/s, gracias a la tecnología NAND 3D que mejora su capacidad, rendimiento y estabilidad.</h4>\n<h4>Esta SSD destaca por su durabilidad ante impactos y caídas, al no tener componentes mecánicos y utilizar un control de chip electrónico para proteger los datos.</h4>\n<h4>Ficha técnica</h4>\n<h4>• Capacidad: 256GB\n• Velocidad máxima de lectura secuencial: 530 MB/s\n• Velocidad máxima de escritura secuencial: 400 MB/s\n• Velocidad máxima de lectura aleatoria de 4K (IOPS): 45K\n• Velocidad máxima de escritura aleatoria de 4K (IOPS): 75K\n• Consumo máximo de energía: 1.4W\n• Resistencia total de escritura (TBW): 80TB\n• Resistencia a golpes y caídas\n• Sin componentes mecánicos\n• Control electrónico para protección de datos\n• Aplicaciones: Computadoras personales, laptops, PS4, y más\n• Producción automatizada para calidad constante\n• Pruebas de estándar de video vigilancia para estabilidad\n• MTBF (Tiempo medio entre fallos): 1,500,000 horas\n• Medio de almacenamiento: NAND 3D\n• Interfaz: SATA III</h4>",,,taxable,,1,,,0,0,,,,,0,,119000,177000,"Partes y accesorios",,,https://tntltda.com/wp-content/uploads/2025/01/DISCO-SATA-256GB-HIKSEMI.webp,,,,,,,,,0,
3267,simple,,,"DISCO SATA 256GB ADATA",1,0,visible,,"DISCO SATA 256GB ADATA\n\nDetalles del producto\nLa unidad de estado sólido Ultimate SU650 implementa Flash NAND 3D y un controlador de alta velocidad, ofreciendo capacidades de 256 GB. Ofrece un rendimiento de lectura/escritura de hasta 520/450MB/s y mayor fiabilidad que los SSD con NAND 2D. El SU650 cuenta con caché SLC y tecnologías avanzadas de corrección de errores para garantizar un rendimiento e integridad de datos optimizados. Para aquellos que quieren experimentar una mejora clara de su PC, el SU650 definitivamente es una excelente opción con una gran relación costo-rendimiento. No hay componentes mecánicos dentro de los SSD, por lo que superan a los discos duros tradicionales con mayor resistencia a impactos, vibración (1500G/0,5ms) y temperaturas extremas (). También son absolutamente silenciosos y consumen muy poca energía, todo protegiendo mejor sus datos.",,,taxable,,1,,,0,0,,,,,0,,109900,145000,"Partes y accesorios",,,https://tntltda.com/wp-content/uploads/2025/01/DISCO-SATA-256GB-ADATA.webp,,,,,,,,,0,
3269,simple,,,"DISCO SATA 500GB CRUCIAL BX500",1,0,visible,,"<h1><strong>DISCO SATA 500GB CRUCIAL BX500</strong></h1>\n<h4>InformaCIÓN de Producto\nSSD Crucial BX500 - 500 GB\nVelocidad de Lectura: 540 MB/s\nVelocidad de Escritura: 500 MB/s\nInterfaz: SATA 6.0 Gb/s\nChip: 3D NAND\nFactor de forma: 2.5” SSD\nCapacidad: 500GB</h4>\n<h4>El SSD Crucial BX500 ofrece un rendimiento rápido y confiable con una capacidad de almacenamiento de 500GB, ideal para mejorar el rendimiento de tu sistema. Con su interfaz SATA 6.0Gb/s, disfruta de velocidades de lectura de hasta 540 MB/s y escritura de hasta 500 MB/s. Su chip 3D NAND proporciona una mayor durabilidad y fiabilidad, mientras que el diseño compacto de 2.5” lo hace compatible con la mayoría de las PC y portátiles.</h4>\n<h4></h4>",,,taxable,,1,,,0,0,,,,,0,,149900,203000,"Partes y accesorios",,,https://tntltda.com/wp-content/uploads/2025/01/DISCO-SATA-500GB-CRUCIAL-BX500.jpg,,,,,,,,,0,
3274,simple,,,"DISCO SATA 500GB CRUCIAL BX500",1,0,visible,,"<h1><strong>DISCO SATA 500GB CRUCIAL BX500</strong></h1>\n<h4>InformaCIÓN de Producto\nSSD Crucial BX500 - 500 GB\nVelocidad de Lectura: 540 MB/s\nVelocidad de Escritura: 500 MB/s\nInterfaz: SATA 6.0 Gb/s\nChip: 3D NAND\nFactor de forma: 2.5” SSD\nCapacidad: 500GB</h4>\n<h4>El SSD Crucial BX500 ofrece un rendimiento rápido y confiable con una capacidad de almacenamiento de 500GB, ideal para mejorar el rendimiento de tu sistema. Con su interfaz SATA 6.0Gb/s, disfruta de velocidades de lectura de hasta 540 MB/s y escritura de hasta 500 MB/s. Su chip 3D NAND proporciona una mayor durabilidad y fiabilidad, mientras que el diseño compacto de 2.5” lo hace compatible con la mayoría de las PC y portátiles.</h4>\n&nbsp;",,,taxable,,1,,,0,0,,,,,0,,149900,189000,"Partes y accesorios",,,https://tntltda.com/wp-content/uploads/2025/01/DISCO-SATA-500GB-CRUCIAL-BX500-1.jpg,,,,,,,,,0,
3276,simple,,,"DISCO SATA 512GB HIKSEMI",1,0,visible,,"<h1><strong>DISCO SATA 512GB HIKSEMI </strong></h1>\n<h4>La unidad de estado sólido (SSD) Hiksemi de 512GB modelo HS-SSD-Wave(S) SATA es una solución de almacenamiento confiable y de alto rendimiento. Con su interfaz SATA, ofrece velocidades rápidas de lectura y escritura, lo que resulta en un rendimiento mejorado de tu sistema.</h4>\n<h4>La SSD Hiksemi proporciona una mayor capacidad de respuesta y tiempos de carga más rápidos en comparación con los discos duros tradicionales. Su diseño resistente a golpes y vibraciones garantiza una mayor durabilidad, lo que la hace adecuada para dispositivos móviles y portátiles.</h4>\n<h4>Además, esta unidad de estado sólido es silenciosa y consume menos energía en comparación con los discos duros convencionales, lo que contribuye a una mayor eficiencia energética de tu sistema.\nCapacidad: 512 GB.\nVel. de Lectura: 530 MB/s.\nVel. de escritura: 400 MB/s.\nTemperatura de operación: 0 °C a 70 °C (32 °F a 158 °F).</h4>",,,taxable,,1,,,0,0,,,,,0,,148900,189000,"Partes y accesorios",,,https://tntltda.com/wp-content/uploads/2025/01/DISCO-SATA-512GB-HIKSEMI.png,,,,,,,,,0,
3278,simple,,,"DISCO SATA 960GB HIKSEMI C100",1,0,visible,,"<h1><strong>DISCO SATA 960GB HIKSEMI C100</strong></h1>\n<h4>Descripción general: El Disco Duro Sólido (SSD) Hikvision de 960GB es un dispositivo de almacenamiento de alta velocidad que utiliza tecnología 3D NAND para ofrecer un rendimiento mejorado, confiabilidad y eficiencia energética en comparación con los discos duros tradicionales (HDDs).</h4>\n<h4>Beneficios: Rendimiento mejorado: El SSD Hikvision ofrece velocidades de lectura y escritura significativamente más rápidas que los HDDs tradicionales, lo que se traduce en un menor tiempo de carga de aplicaciones, arranque más rápido del sistema operativo y una experiencia general más fluida.</h4>\n<h4>Mayor confiabilidad: Los SSD no contienen partes móviles, lo que los hace menos propensos a fallos mecánicos y más confiables que los HDDs. Esto los convierte en una buena opción para usuarios que necesitan almacenar datos importantes.</h4>\n<h4>Eficiencia energética: Los SSD consumen menos energía que los HDDs, lo que puede ayudar a prolongar la vida útil de la batería de su computadora portátil y reducir su consumo de energía.</h4>\n<h4>Ruido reducido: Los SSD funcionan en silencio, a diferencia de los HDDs que pueden generar ruido durante la operación.</h4>\n<h4>Alta capacidad: 960GB ofrece un amplio espacio de almacenamiento para archivos, aplicaciones y juegos. Aplicaciones: El SSD Hikvision de 960GB es ideal para una amplia gama de aplicaciones, incluyendo:</h4>\n<h4>Sistemas operativos: Windows, macOS, Linux Aplicaciones de oficina: Microsoft Office, LibreOffice, Google Docs Navegación web: Chrome, Firefox, Safari Correo electrónico: Outlook, Gmail, Thunderbird</h4>\n<h4>Reproducción multimedia: Películas, música, juegos Almacenamiento general de archivos Juegos: Este SSD puede ser adecuado para juegos que no requieren tiempos de carga extremadamente rápidos. Compatibilidad: El SSD Hikvision de 960GB es compatible con la mayoría de las computadoras portátiles y de escritorio que tienen una ranura SATA disponible.</h4>",,,taxable,,1,,,0,0,,,,,0,,259000,310000,"Partes y accesorios",,,https://tntltda.com/wp-content/uploads/2025/01/DISCO-SATA-960GB-HIKSEMI-C100.jpg,,,,,,,,,0,
3280,simple,,,"DISCO SATA 1024GB HIKSEMI",1,0,visible,,"<h1><strong>DISCO SATA 1024GB HIKSEMI </strong></h1>\n<h4>Un beneficio destacado de un SSD de 1TB es su alta velocidad de lectura y escritura.</h4>\n<h4>Esto se traduce en tiempos de arranque más rápidos para el sistema operativo, cargas de aplicaciones casi instantáneas y una mejora significativa en la transferencia de archivos.</h4>\n<h4>Esta velocidad no solo mejora la eficiencia en tareas diarias, sino que también es especialmente beneficiosa para aplicaciones que requieren un alto rendimiento, como la edición de video, juegos y el manejo de grandes bases de datos.</h4>\n<h4>En comparación con los discos duros tradicionales (HDD), un SSD puede ofrecer una experiencia de usuario mucho más fluida y receptiva.</h4>",,,taxable,,1,,,0,0,,,,,0,,269000,319000,"Partes y accesorios",,,https://tntltda.com/wp-content/uploads/2025/01/DISCO-SATA-1024GB-HIKSEMI.webp,,,,,,,,,0,
3282,simple,,,"DISCO SATA 1TB CRUCIAL BX500",1,0,visible,,"<h1><strong>DISCO SATA 1TB CRUCIAL BX500</strong></h1>\n<h4>Almacene de manera segura toda su información gracias a su cifrado basado en hardware AES de 256 bits que mantiene a salvo sus datos de piratas informáticos. Velocidades de lectura y escritura secuenciales hasta 560 MBs y 510 MBs, respectivamente. Compatible con portátiles y PC.</h4>",,,taxable,,1,,,0,0,,,,,0,,279000,330000,"Partes y accesorios > Discos Duros, Partes y accesorios",,,https://tntltda.com/wp-content/uploads/2025/01/DISCO-SATA-1TB-CRUCIAL-BX500.jpg,,,,,,,,,0,
3284,simple,,,"DISCO SATA 1TB KINGSTON KC600",1,0,visible,,"<h1><strong>DISCO SATA 1TB KINGSTON KC600</strong></h1>\n<h4>Unidad de Estado Solido Kingston A400 960 GB. Capacidades: 960GB. Factor de forma: 2,5' y M.2 2280. Lectura: hasta 500MB/s. Escritura: hasta 450MB/s. Característica: Alto</h4>",,,taxable,,1,,,0,0,,,,,0,,414000,499000,"Partes y accesorios > Discos Duros, Partes y accesorios",,,https://tntltda.com/wp-content/uploads/2025/01/DISCO-SATA-1TB-KINGSTON-KC600.jpg,,,,,,,,,0,
3286,simple,,,"DISCO DURO 128GB M.2 ADATA XPG",1,0,visible,,"DISCO DURO 128GB M.2 ADATA XPG\n\nAumenta el rendimiento de tu PC con el Disco Duro de Estado Sólido XPG SX6000 Lite 128GB PCIe Gen3x4 M.2 2280 SSD! Esta alternativa magnífica a SATA es perfecta para jugadores y entusiastas de PC que buscan velocidades hasta 3 veces más rápidas que SATA, con lecturas y escrituras de hasta 1800/1200MB/s. Con compatibilidad con NVMe 1.3 y tecnología Flash NAND 3D, este SSD ofrece mayor capacidad, durabilidad y eficiencia energética. Además, su factor de forma M.2 2280 lo hace compatible con equipos de sobremesa y portátiles de última generación. ¡Optimiza tu experiencia informática con el XPG SX6000 Lite!",,,taxable,,1,,,0,0,,,,,0,,59000,77000,"Partes y accesorios > Discos Duros, Partes y accesorios",,,https://tntltda.com/wp-content/uploads/2025/01/DISCO-DURO-128GB-M.2-ADATA-XPG.jpg,,,,,,,,,0,
3288,simple,,,"DISCO M.2 256GB PATRIOT",1,0,visible,,"<h1><strong>DISCO M.2 256GB PATRIOT </strong></h1>\n<h4>Patriot se enorgullece de presentar su SSD SATA III de 2,5” de próxima generación: el P220. Diseñado con el último controlador SATA 3, el P220 es una solución de almacenamiento de primer nivel diseñada para lograr el máximo rendimiento del sistema. Con velocidades de lectura y escritura de hasta 550 y 500 MB/s, el P220 le brinda el rendimiento que necesita para realizar el trabajo.</h4>\n<h4>Como SSD con factor de forma de 2,5” y 7 mm de alto, el P220 es una unidad de almacenamiento compacta que proporciona un mayor rendimiento y productividad general. El P220 es perfecto para actualizaciones rápidas, almacenar archivos grandes y brindar eficiencia en su espacio de trabajo por un excelente precio.</h4>",,,taxable,,1,,,0,0,,,,,0,,99900,133000,"Partes y accesorios > Discos Duros, Partes y accesorios",,,https://tntltda.com/wp-content/uploads/2025/01/DISCO-M.2-256GB-PATRIOT.webp,,,,,,,,,0,
3290,simple,,,"DISCO M.2 256GB  HIKSEMI -HIKVISION- 3 AÑOS DE GARANTIA",1,0,visible,,"<h1><strong>DISCO M.2 256GB HIKSEMI -HIKVISION- 3 AÑOS DE GARANTIA</strong></h1>\n<h4>El disco SSD HIKSEMI M.2 SATA de 256GB es la solución ideal para quienes buscan un almacenamiento rápido, fiable y eficiente. Diseñado para mejorar el rendimiento de tu ordenador portátil o de sobremesa, este SSD ofrece una velocidad superior y una durabilidad excepcional, todo en un formato compacto y moderno.</h4>\n<h4>Características destacadas:</h4>\n<h4>Alta velocidad de transferencia: Con tecnología SATA III, alcanza velocidades de lectura y escritura de hasta 550 MB/s, lo que garantiza un arranque rápido del sistema y una carga eficiente de aplicaciones.\nFormato M.2 2280: Su diseño compacto y ligero es perfecto para dispositivos con espacio reducido, como ultrabooks y mini-PCs.\nCapacidad de 256GB: Suficiente para almacenar tus archivos esenciales, programas y sistemas operativos con espacio de sobra.\nDurabilidad garantizada: Diseñado para soportar un uso intensivo, con resistencia a golpes, vibraciones y temperaturas extremas.\nEficiencia energética: Consumo optimizado para prolongar la vida útil de la batería de los portátiles.\nCompatibilidad amplia: Compatible con la mayoría de dispositivos y sistemas operativos, como Windows, Mac y Linux.\nIdeal para usuarios que desean modernizar su equipo, este SSD es la elección perfecta para mejorar el rendimiento general de tu sistema, reduciendo tiempos de espera y ofreciendo una experiencia fluida.</h4>",,,taxable,,1,,,0,0,,,,,0,,99900,133000,"Partes y accesorios > Discos Duros, Partes y accesorios",,,https://tntltda.com/wp-content/uploads/2025/01/DISCO-M.2-256GB-HIKSEMI-HIKVISION-3-ANOS-DE-GARANTIA.jpg,,,,,,,,,0,
3292,simple,,,"DISCO M.2 256GB XUE",1,0,visible,,"<h1><strong>DISCO M.2 256GB XUE</strong></h1>\n<h4>La unidad de estado sólido o SSD XUE® Blink, es la forma más fácil de conseguir toda la velocidad de un ordenador nuevo sin tener que pagar su precio. Acelere todo. Arranque más rápido. Cargue archivos más rápido. Mejore la capacidad de respuesta general del sistema para todas sus necesidades informáticas. La instalación resulta sencilla y directa.</h4>\n<h4>Especificaciones:</h4>\n<h4>Magnifico Disco Duro Formato M2.\n10x veces mas rápido que un HDD-3.5"".\nVelocidades estables de escritura y lectura.\nMínimo consumo de energía.\nFácil y practica instalación.</h4>",,,taxable,,1,,,0,0,,,,,0,,99900,133000,"Partes y accesorios > Discos Duros, Partes y accesorios",,,https://tntltda.com/wp-content/uploads/2025/01/DISCO-M.2-256GB-XUE.webp,,,,,,,,,0,
3294,simple,,,"DISCO M.2 512 GB HIKSEMI (HIKVISION) 3 AÑOS DE GARANTIA",1,0,visible,,"<h1><strong>DISCO M.2 512 GB HIKSEMI (HIKVISION) 3 AÑOS DE GARANTIA</strong></h1>\n<h4>Capacidad 512Gb, Interfaz PCIe de alta velocidad R/W, tamaño 2280 máx. velocidad de lectura hasta 3500 MB/s, Tecnología 3D NAND, La tecnología 3D NAND ayuda a desarrollar</h4>",,,taxable,,1,,,0,0,,,,,0,,149000,177000,"Partes y accesorios > Discos Duros, Partes y accesorios",,,https://tntltda.com/wp-content/uploads/2025/01/DISCO-M.2-512-GB-HIKSEMI-HIKVISION-3-ANOS-DE-GARANTIA.png,,,,,,,,,0,
3296,simple,,,"DISCO M.2 512 GB WD",1,0,visible,,"<h1><strong>DISCO M.2 512 GB WD BAJADOS DE MAQUINA </strong></h1>\n<h4>SSD M.2 NVMe 512GB HIKSEMI WAVE\nEspecificaciones:\nCapacidad: 512 GB\nTipo: M.2 NVMe\nInterfaz: PCIe Gen 3.0 x4\nVelocidad de lectura: Hasta 2400 MB/s\nVelocidad de escritura: Hasta 1800 MB/s\nInterfaz rápida: Conexión PCIe Gen 3.0 x4 para una transferencia de datos más eficiente.\nIdeal para gaming: Mejora la carga de juegos y aplicaciones intensivas, ofreciendo una experiencia fluida.</h4>\n<h4>Optimización del sistema: Acelera el arranque del sistema y la carga de programas, reduciendo tiempos de espera.</h4>\n<h4>Versatilidad: Perfecto para laptops, PC de escritorio y estaciones de trabajo.</h4>\n<h4>Valor excepcional: Rendimiento superior a un precio competitivo, ideal para actualizar tu almacenamiento.</h4>",,,taxable,,1,,,0,0,,,,,0,,139900,177000,"Partes y accesorios > Discos Duros, Partes y accesorios",,,https://tntltda.com/wp-content/uploads/2025/01/DISCO-M.2-512-GB-WD-BAJADOS-DE-MAQUINA.jpg,,,,,,,,,0,
3298,simple,,,"DISCO M.2 500GB KINGSTON NV2 4.0 3500MB/s",1,0,visible,,"<h1><strong>DISCO M.2 500GB KINGSTON NV2 4.0 3500MB/s</strong></h1>\n<h4>Características:</h4>\n<h4>Para necesidades de almacenamiento de alta velocidad y bajo consumo:</h4>\n<h4>- El SSD NVMe PCIe 4.0 NV3 de Kingston es una solución de almacenamiento de próxima generación impulsada por un controlador NVMe Gen 4x4, que ofrece velocidades de lectura/escritura de hasta 6.000/5.000 MB/s.</h4>\n<h4>- Ofrece un menor consumo de energía y emisión de calor, lo que le permite optimizar el rendimiento de su sistema sin comprometer el valor.</h4>\n<h4>- El diseño compacto de una sola cara M.2 2280 (22x80mm) amplía el almacenamiento hasta 4 TB, liberando espacio para otros componentes.</h4>\n<h4>- Experimente velocidades NVMe con NV3.\nRendimiento:</h4>\n<h4>- Actualice su sistema con velocidades de lectura/escritura de hasta 6.000/5.000 MB/s.</h4>\n<h4>Ideal para sistemas con espacio limitado:</h4>\n<h4>- Se integra fácilmente en diseños con conectores M.2.</h4>\n<h4>- Perfecto para portátiles delgados y PCs de pequeño formato.</h4>\n<h4>Más espacio de almacenamiento:</h4>\n<h4>- Disponible en una amplia gama de capacidades de hasta 4 TB, lo que le ofrece un amplio espacio para almacenar archivos, vídeos, documentos y juegos.</h4>",,,taxable,,1,,,0,0,,,,,0,,174900,210000,"Partes y accesorios > Discos Duros, Partes y accesorios",,,https://tntltda.com/wp-content/uploads/2025/01/DISCO-M.2-500GB-KINGSTON-NV2-4.0-3500MBs.webp,,,,,,,,,0,
3300,simple,,,"DISCO M.2 1024GB HIKSEMI (HIKVISION) 3 AÑOS DE GARANTIA",1,0,visible,,"<h1><strong>DISCO M.2 1024GB HIKSEMI (HIKVISION) 3 AÑOS DE GARANTIA</strong></h1>\n<h4>Especificaciones:\nCapacidad 512Gb, Interfaz PCIe de alta velocidad R/W, tamaño 2280 máx. velocidad de lectura hasta 3500 MB/s, Tecnología 3D NAND, La tecnología 3D NAND ayuda a desarrollar una mayor capacidad, rendimiento y estabilidad, Antichoque y anticaída, Sin estructura mecánica, usando control de chip electrónico, datos más seguros. Firmware inteligente A través de la herramienta de administración de SSD, admite la apertura dinámica de SLC y cierre, soporte OP ajustable, para satisfacer las necesidades de múltiples escenarios. Campo de aplicación computadoras personales, portátiles, PS5, etc, 7gr, temperatura de funcionamiento 0-70, temperatura de almacenaje -40 °C to 85 °C</h4>\n&nbsp;",,,taxable,,1,,,0,0,,,,,0,,274900,333000,"Partes y accesorios > Discos Duros, Partes y accesorios",,,https://tntltda.com/wp-content/uploads/2025/01/DISCO-M.2-1024GB-HIKSEMI-HIKVISION-3-ANOS-DE-GARANTIA.jpg,,,,,,,,,0,
3302,simple,,,"DISCO M.2 1TB ADATA LEYEND 700",1,0,visible,,"<h1><strong>DISCO M.2 1TB ADATA LEYEND 700</strong></h1>\n<h4>Experimenta una nueva era de rendimiento con el disco sólido LEGEND 700 de Adata. Este SSD de 1TB con interfaz PCIe Gen3 x4 M.2 2280 redefine la velocidad y la eficiencia en almacenamiento, llevando tu experiencia informática a niveles sin precedentes.</h4>\n<h4>Velocidades Asombrosas: Con PCIe Gen3 x4, disfruta de velocidades de lectura y escritura excepcionales para una respuesta instantánea en todas tus aplicaciones.\nCapacidad Generosa: Almacena sin restricciones con la amplitud de 1TB, garantizando espacio suficiente para tus archivos multimedia, juegos y más.\nFiabilidad Asegurada: La calidad de construcción de Adata garantiza una durabilidad excepcional, respaldada por una marca reconocida en el mundo del almacenamiento.</h4>\n&nbsp;",,,taxable,,1,,,0,0,,,,,0,,259900,299000,"Partes y accesorios > Discos Duros, Partes y accesorios",,,https://tntltda.com/wp-content/uploads/2025/01/DISCO-M.2-1TB-ADATA-LEGEND-700.png,,,,,,,,,0,
3304,simple,,,"DISCO M.2 1TB KINGSTON NV2 4.0 3500MB/s",1,0,visible,,"<h1><strong>DISCO M.2 1TB KINGSTON NV2 4.0 3500MB/s</strong></h1>\n<h4>Es una solución de almacenamiento de nueva generación mejorada basada en un controlador NVMe Gen 4×4. Con velocidades de lectura/escritura de hasta 3.500/2.800 MB/s</h4>",,,taxable,,1,,,0,0,,,,,0,,265000,320000,"Partes y accesorios > Discos Duros, Partes y accesorios",,,https://tntltda.com/wp-content/uploads/2025/01/DISCO-M.2-1TB-KINGSTON-NV2-4.0-3500MBs.jpg,,,,,,,,,0,
3306,simple,,,"DISCO DURO EXTERNO ANTIGOLPES DE 1TB ADATA H330",1,0,visible,,"<h1><strong>DISCO DURO EXTERNO ANTIGOLPES DE 1TB ADATA H330</strong></h1>\n<h4>Ficha Técnica:</h4>\n<h4>• Disco duro externo marca ADATA\n• Capacidad 1TB\n• Carcasa silicona exterior\n• Sensores de impacto\n• Resistente a Salpicadura</h4>\n<h4>Mantiene sus datos seguros con una carcasa de silicona en el exterior y los sensores de impacto patentados de ADATA en su interior.\nCon los sensores de impacto patentados de ADATA, toda la actividad de la unidad cesará cuando se detecte un impacto físico. Una vez despejada la situación, la actividad se reanuda. Está permanentemente informado con un indicador de estado claro\nSoportan golpes, caídas y choques que ocurren en la vida cotidiana.\nCuentan con software Backup ToGo con cifrado AES de 256 bits.\nla unidad HD330 aún mantiene un delgado factor de forma de 16,2 mm* que es agradable a la vista y fácil de transportar.</h4>\n<h4>\nLas variantes de 1 TB y 2 TB de la unidad HD330 tienen una altura de 16,2 mm, mientras que las variantes de 4 TB y 5 TB tienen una altura de 23,4 mm.\nAdata Ahd330-1Tu31-Cbk Disco Externo viene en tres colores: negro, rojo y azul.\nElija el color que más refleje su personalidad.</h4>\n<h4>\nCon una capacidad de hasta 5 TB, con los discos duro externos ADATA HD330 le basta y con ella está preparado para realizar copias de seguridad de toda su música, películas, fotos, etc.</h4>",,,taxable,,1,,,0,0,,,,,0,,279000,350000,"Partes y accesorios > Discos Duros, Partes y accesorios",,,https://tntltda.com/wp-content/uploads/2025/01/DISCO-DURO-EXTERNO-ANTIGOLPES-DE-1TB-ADATA-H330.png,,,,,,,,,0,
3308,simple,,,"DISCO DURO EXTERNO 4TB WD ELEMENTS",1,0,visible,,"<h1><strong>DISCO DURO EXTERNO 4TB WD ELEMENTS</strong></h1>\n<h4>HDD Externo 4 TB 2.5″ Wester Digital 3.0 Elements ofrece conectividad universal, una capacidad de hasta 5 TB y velocidades de transferencia de datos rápidas para consumidores que buscan un almacenamiento portátil confiable de alta capacidad. La carcasa pequeña y liviana combina perfectamente con su estilo y cuenta con el respaldo de la calidad y confiabilidad de WD</h4>\n<h4>Los discos duros portátiles WD Elements™ con USB 3.0 ofrecen un almacenamiento de alta capacidad portátil y confiable, velocidades de transferencia de datos rápidas, conectividad universal y capacidad masiva para los consumidores que se preocupan por el valor.</h4>",,,taxable,,1,,,0,0,,,,,0,,569000,630000,"Partes y accesorios > Discos Duros, Partes y accesorios",,,https://tntltda.com/wp-content/uploads/2025/01/DISCO-DURO-EXTERNO-4TB-WD-ELEMENTS.png,,,,,,,,,0,
3310,simple,,,"DISCO DURO EXTERNO DE 2TB LACIE RUGGED USB-C",1,0,visible,,"<h1><strong>DISCO DURO EXTERNO DE 2TB LACIE RUGGED USB-C</strong></h1>\n<h4>El Disco Duro Externo LaCie Rugged Mini USB 3.0 de 2TB combina almacenamiento robusto y portátil con velocidad y durabilidad inigualables. Ideal para profesionales de la fotografía, video y entusiastas que necesitan almacenar, proteger y transportar grandes volúmenes de datos de manera segura.</h4>\n<h4>Este gran disco esta diseñado para estudiantes, viajeros, fotógrafos y videógrafos, el disco duro externo Rugged Mini USB 3.0 de 2 TB de LaCie presenta resistencia a golpes, caídas y presión, así como una funda de goma para mayor protección. También puede soportar hasta una tonelada de resistencia al aplastamiento, incluso si es atropellado por un automóvil. Aparte de su exterior resistente, el Rugged Mini ofrece una capacidad de almacenamiento de 2 TB y transferencias de datos de hasta 130 MB / s. Se conecta a su sistema host Windows o Mac mediante su interfaz USB 3.0 e incluye cables USB Type-C y USB Type-A.</h4>",,,taxable,,1,,,0,0,,,,,0,,669000,756000,"Partes y accesorios > Discos Duros, Partes y accesorios",,,https://tntltda.com/wp-content/uploads/2025/01/DISCO-DURO-EXTERNO-DE-2TB-LACIE-RUGGED-USB-C.webp,,,,,,,,,0,
3313,simple,,,"DISCO DURO EXTERNO DE 4TB LACIE RUGGED USB-C",1,0,visible,,"<h1><strong>DISCO DURO EXTERNO DE 4TB LACIE RUGGED USB-C</strong></h1>\n<h4>Disco duro externo Rugged Mini USB 3.0 de LaCie de 4 TB\nDiseñado para estudiantes, viajeros, fotógrafos y videógrafos, el disco duro externo Rugged Mini USB 3.0 de LaCie de 4 TB presenta resistencia a golpes, caídas y presión, así como una funda de goma para mayor protección. También puede soportar hasta una tonelada de resistencia al aplastamiento, incluso si es atropellado por un automóvil. Aparte de su exterior resistente, el Rugged Mini ofrece una capacidad de almacenamiento de 4 TB y transferencias de datos de hasta 130 MB / s. Se conecta a su sistema host Windows o Mac mediante su interfaz USB 3.0 e incluye cables USB Type-C y USB Type-A.</h4>\n&nbsp;",,,taxable,,1,,,0,0,,,,,0,,919000,1230000,"Partes y accesorios > Discos Duros, Partes y accesorios",,,https://tntltda.com/wp-content/uploads/2025/01/DISCO-DURO-EXTERNO-DE-4TB-LACIE-RUGGED-USB-C.jpg,,,,,,,,,0,
3315,simple,,,"DISCO EXTERNO SOLIDO 512GB",1,0,visible,,"<h1><strong>DISCO EXTERNO SOLIDO 512GB </strong></h1>\n<h4>Resistente a golpes, al polvo y al agua.\n20 veces más rápido que un disco duro estandar.\nCompatible con consolas de videojuegos de última generación.\nTransmisión de ultra velocidad USB 3.2 Gen2x2.\nCompatible con múltiples sistemas operativos y dispositivos.</h4>\n<h4>\nSobre este producto\nLa unidad de estado sólido Externo SD810 de ADATA es la solución en almacenamiento que buscabas, la transferencia de datos de ultra velocidad, es 20 veces más rápido que los discos duros externos estándar, el SD810 utiliza una carcasa de aleación de aluminio de alta calidad para mejorar la disipación del calor. Tiene un diseño elegante, ligero y fácil de transportar. El dispositivo no requiere de instalaciones adicionales, su conexión es Plug and Play y estará listo para acceder a tu información, su conexión USB Tipo-C permite conectar diferentes dispositivos. ¡Consigue el tuyo ahora!</h4>",,,taxable,,1,,,0,0,,,,,0,,185000,220000,"Partes y accesorios > Discos Duros, Partes y accesorios",,,https://tntltda.com/wp-content/uploads/2025/01/DISCO-EXTERNO-SOLIDO-512GB.webp,,,,,,,,,0,
3317,simple,,,"DISCO EXTERNO SOLIDO 512 GB POCKET TIPO LLAVERO",1,0,visible,,"<h1><strong>DISCO EXTERNO SOLIDO 512 GB POCKET TIPO LLAVERO</strong></h1>\n<h4>Con la unidad en estado sólido Hiksemi incrementarás la capacidad de respuesta de tu equipo. Gracias a esta tecnología podrás invertir en velocidad y eficiencia para el inicio, la carga y la transferencia de datos.</h4>\n<h4>Especificaciones:\nCon la unidad en estado sólido Hikvision incrementarás la capacidad de respuesta de tu equipo. Gracias a esta tecnología podrás invertir en velocidad y eficiencia para el inicio, la carga y la transferencia de datos.\nIrrompible\nAdemás de su funcionalidad y soporte, la importancia de los discos de almacenamiento también radica en su calidad y resistencia. Despreocúpate y disfruta de la durabilidad de este producto debido a su capacidad de absorber y resistir fuertes impactos.\nMás velocidad a tu alcance\nEste producto transfiere datos a través de un puerto USB 3.0, lo que lo convierte en un dispositivo sumamente veloz. Es adaptable a tus necesidades a la hora de traspasar grandes cantidades de datos en poco tiempo.</h4>\n<h4></h4>",,,taxable,,1,,,0,0,,,,,0,,189000,233000,"Partes y accesorios > Discos Duros, Partes y accesorios",,,https://tntltda.com/wp-content/uploads/2025/01/DISCO-EXTERNO-SOLIDO-512-GB-POCKET-TIPO-LLAVERO.jpg,,,,,,,,,0,
3319,simple,,,"DISCO EXTERNO SOLIDO 1TB USB-C Y USB -A",1,0,visible,,"<h1><strong>DISCO EXTERNO SOLIDO 1TB USB-C Y USB -A</strong></h1>\n<h4>Diseñado para teléfonos móvil, funciona sin cables de datos.\n10 veces más rápido que un disco duro estándar.\nGraba archivos de imagen Apple ProRes en la unidad SSD.\nCompatible con consolas portátiles de juegos.\nCompatible con múltiples sistemas operativos y dispositivos.</h4>\n<h4>\nResumen del producto\nLa unidad de estado sólido Externo SC750 de ADATA tiene un tamaño compacto y no requiere de cables adicionales, es fácil de transportar, ligero y no ocupa mucho espacio. Desliza su conector Type-C para empezar a transferir archivos grandes al instante, este dispositivo permite grabación directa en iPhone 15 Pro y Pro Max, suple la necesidad de adquirir un smartphone de mayor capacidad, en definitiva, un almacén virtual para tus juegos portátiles, haz copias de seguridad y descarga tus juegos favoritos, con su puerto USB Tipo C permite conectar diferentes dispositivos. ¡Consigue el tuyo ahora!</h4>",,,taxable,,1,,,0,0,,,,,0,,319000,370000,"Partes y accesorios > Discos Duros, Partes y accesorios",,,https://tntltda.com/wp-content/uploads/2025/01/DISCO-EXTERNO-SOLIDO-1TB-USB-C-Y-USB-A.jpg,,,,,,,,,0,
3321,simple,,,"DISCO EXTERNO SOLIDO 2TB  USB-C Y USB -A",1,0,visible,,"<h1><strong>DISCO EXTERNO SOLIDO 2TB USB-C Y USB -A</strong></h1>\n<h4>Transfiere archivos rápidamente con la tecnología SuperSpeed USB 3.0 y almacena hasta 2 TB de datos en tu disco duro externo Canvio Basics. Este dispositivo está listo para usarlo en sistemas con Microsoft Windows y no requiere la instalación de ningún software, por lo que almacenar todos tus archivos favoritos es más fácil que nunca. Su diseño atemporal con acabado mate le proporciona un aspecto increíble tanto en tu escritorio como en cualquier otro lugar. Además, este disco duro se puede conectar a hardware antiguo gracias a la compatibilidad con USB 2.0.</h4>\n<h4>UN LUGAR PARA TODOS TUS ARCHIVOS\nOfrece un almacenamiento de alta capacidad en una carcasa compacta y con acabado mate de color negro. El disco duro externo Canvio Basics es perfecto para almacenar datos, música, películas e imágenes. Se alimenta por USB y se puede usar con un solo cable USB conectado al ordenador de escritorio o portátil.\nALTAS VELOCIDADES DE TRANSFERENCIA\nEste disco duro portátil, que se alimenta mediante la tecnología USB 3.0, es mucho más rápido que los dispositivos USB 2.0 (aunque sigue siendo compatible con estos), lo que permite transferir y organizar archivos en poco tiempo.</h4>\n<h4>FUNCIONAMIENTO SENCILLO E INSTALACIÓN AUTOMÁTICA\nSu funcionamiento es sencillo y la instalación automática. Está listo para usarlo en sistemas con Microsoft Windows y no requiere la instalación de ningún software. Arrastra y suelta archivos de forma intuitiva en tu ordenador de escritorio o portátil.</h4>\n<h4>SEGURIDAD PARA LOS DATOS\nCon más de 50 años de experiencia en tecnología de discos duros y unos estándares de calidad inigualables, los discos duros portátiles de Toshiba son un lugar seguro y fiable para tus archivos estés donde estés.</h4>",,,taxable,,1,,,0,0,,,,,0,,469000,510000,"Partes y accesorios > Discos Duros, Partes y accesorios",,,https://tntltda.com/wp-content/uploads/2025/01/DISCO-EXTERNO-SOLIDO-2TB-USB-C-Y-USB-A.jpg,,,,,,,,,0,
3563,simple,,,"CELULAR SAMSUNG AO5",1,0,visible,,"<h1><strong>CELULAR SAMSUNG AO5</strong></h1>\n<h3>PANTALLA 6,7\nRAM 4GB\n128GB ANDROID 13\nCAMARA 8MP +50MP</h3>",,,taxable,,1,,,0,0,,,,,0,,439000,567000,"Celulares y Tablets",,,"https://tntltda.com/wp-content/uploads/2025/02/CELULAR-SAMSUNG-AO5.webp, https://tntltda.com/wp-content/uploads/2025/02/CELULAR-SAMSUNG-AO5-.jpeg",,,,,,,,,0,
3566,simple,,,"CELULAR SAMSUNG AO5 S",1,0,visible,,"<h1><strong>CELULAR SAMSUNG AO5 S</strong></h1>\n<h3>\nPANTALLA 6,7\nRAM 6GB\n128GB ANDROID 13\nCAMARA 13 MP\n50 MP + 2 MP + 2 MP</h3>",,,taxable,,1,,,0,0,,,,,0,,529000,716000,"Celulares y Tablets",,,"https://tntltda.com/wp-content/uploads/2025/02/CELULAR-SAMSUNG-AO5-S.webp, https://tntltda.com/wp-content/uploads/2025/02/CELULAR-SAMSUNG-AO5-S-.webp",,,,,,,,,0,
3569,simple,,,"CELULAR SAMSUNG A06",1,0,visible,,"<h1><strong>CELULAR SAMSUNG A06</strong></h1>\n<h3>\nPANTALLA 6.7” PLS HD+ RAM 4GB\n64 GB ANDROID 13 CAMARA 8MP + 50MP.</h3>",,,taxable,,1,,,0,0,,,,,0,,419000,589000,"Suministros para oficina",,,"https://tntltda.com/wp-content/uploads/2025/02/CELULAR-SAMSUNG-A06.webp, https://tntltda.com/wp-content/uploads/2025/02/CELULAR-SAMSUNG-A06-.jpg",,,,,,,,,0,
3572,simple,,,"CELULAR SAMSUNG A16",1,0,visible,,"<h1><strong>CELULAR SAMSUNG A16</strong></h1>\n<h3>\nPANTALLA 6.4FHD+ RAM 8GB\n256GB ANDROID 13\nCAMARA 50MP + 13 MP</h3>",,,taxable,,1,,,0,0,,,,,0,,883000,1020000,"Celulares y Tablets",,,"https://tntltda.com/wp-content/uploads/2025/02/CELULAR-SAMSUNG-A16.jpg, https://tntltda.com/wp-content/uploads/2025/02/CELULAR-SAMSUNG-A16-.jpg",,,,,,,,,0,
3575,simple,,,"CELULAR XIAOMI NOTE 14 PRO 4G",1,0,visible,,"<h1><strong>CELULAR XIAOMI NOTE 14 PRO 4G</strong></h1>\n<h3>PANTALLA AMOLED 6,67 FHD\nRAM 8GB /256GB\nANDROID 13\nCAMARA 200MP +8MP+2MP+ FRONTAL 32 MP</h3>",,,taxable,,1,,,0,0,,,,,0,,1089000,1300000,"Celulares y Tablets",,,"https://tntltda.com/wp-content/uploads/2025/02/CELULAR-XIAOMI-NOTE-14-PRO-4G.webp, https://tntltda.com/wp-content/uploads/2025/02/CELULAR-XIAOMI-NOTE-14-PRO-4G-.png",,,,,,,,,0,
3579,simple,,,"CAMARA HP 320",1,0,visible,,"<h1><strong>CAMARA HP 320 </strong></h1>\n<h3>SE AJUSTA DE FORMA AUTOMATICA AL ENTORNO</h3>\n<h3>FULL HD 1080P[3],</h3>\n<h3>MICRÓFONO INTEGRADO Y GRAN ANGULAR DE 66º</h3>\n<h3>ROTACIÓN DE 360º Y COMPATIBLE CON TRÍPODE</h3>",,,taxable,,1,,,0,0,,,,,0,,119000,145000,"Partes y accesorios",,,"https://tntltda.com/wp-content/uploads/2025/02/CAMARA-HP-320.webp, https://tntltda.com/wp-content/uploads/2025/02/CAMARA-HP-320-.webp",,,,,,,,,0,
3582,simple,,,"TORRE ARCHON 2 RGB PROCESADOR R5 5600GT",1,0,visible,,"<h1><strong>TORRE ARCHON 2 RGB</strong></h1>\n<h3>PROCESADOR R5 5600GT\nBOARD GIGABYTE B650M D3HP AX\nDISCO 1TB\nMEMORIA 16GB DDR5\nCHASIS DUOFACE RGB / FUENTE DE 650W\nMONITOR LG 24"" 24MR400\nCOMBO TECLADO Y MOUSES MK120</h3>",,,taxable,,1,,,0,0,,,,,0,,2449000,2999000,"Equipos de Escritorio",,,"https://tntltda.com/wp-content/uploads/2025/02/TORRE-ARCHON-2-RGB-PROCESADOR-R5-5600GT.png, https://tntltda.com/wp-content/uploads/2025/02/TORRE-ARCHON-2-RGB-PROCESADOR-R5-5600GT-.webp",,,,,,,,,0,
3586,simple,,,"COMPUTADOR HP AMD RYZEN 5 -7520U - TODO EN UNO",1,0,visible,,"<h1><strong>COMPUTADOR HP AMD RYZEN 5 -7520U</strong></h1>\n<h3>\nMEMORIA RAM 16GB\nDISCO SOLIDO 1TB M.2\nPANTALLA 23.4"" TOUCH</h3>",,,taxable,,1,,,0,0,,,,,0,,,,"Equipos de Escritorio",,,"https://tntltda.com/wp-content/uploads/2025/02/COMPUTADOR-HP-AMD-RYZEN-5-7520U-TODO-EN-UNO.webp, https://tntltda.com/wp-content/uploads/2025/02/COMPUTADOR-HP-AMD-RYZEN-5-7520U-TODO-EN-UNO-.webp",,,,,,,,,0,
3589,simple,,,"IMPRESORA MULTIFUNCIONAL EPSON WIFI ECOTANK L4260",1,0,visible,,"<h1><strong>IMPRESORA MULTIFUNCIONAL EPSON WIFI ECOTANK L4260 </strong></h1>\n<h3>\nFOTOCOPEA - SCANEA - IMPRIME\nCONEXION WIFI\nBOTELLAS DE TINTA DE INICIALIZACIÓN</h3>",,,taxable,,1,,,0,0,,,,,0,,1190000,1450000,"Equipos de Escritorio",,,"https://tntltda.com/wp-content/uploads/2025/02/IMPRESORA-MULTIFUNCIONAL-EPSON-WIFI-ECOTANK-L4260.webp, https://tntltda.com/wp-content/uploads/2025/02/IMPRESORA-MULTIFUNCIONAL-EPSON-WIFI-ECOTANK-L4260-.webp",,,,,,,,,0,
3593,simple,,,"JBL Flip 6 Altavoz Portátil a Prueba de Agua",1,0,visible,,"<h1 class=""headline"" data-productname=""JBL Flip 6""><strong>JBL Flip 6 Altavoz Portátil a prueba de agua</strong></h1>\n&nbsp;\n<h3>Un sonido más alto y potente</h3>\n<h3>Resistente al polvo y el agua conforme a la norma IP67</h3>\n<h3>12 horas de tiempo de reproducción</h3>\n<h3>Reproducción bluetooth</h3>\n<h3>Aplicación JBL</h3>\nColor Disponible: Rojo\n<h3></h3>",,,taxable,,1,,,0,0,,,,,0,,569000,635000,"OFERTAS HOY",,,"https://tntltda.com/wp-content/uploads/2025/03/JBL-Flip-6-Altavoz-Portatil-a-Prueba-de-Agua.png, https://tntltda.com/wp-content/uploads/2025/03/JBL-Flip-6-Altavoz-Portatil-a-Prueba-de-Agua-.png, https://tntltda.com/wp-content/uploads/2025/03/JBL-Flip-6-Altavoz-Portatil-a-Prueba-de-Agua-1-1.png",,,,,,,,,0,
3598,simple,,,"RELOJ REDMI WATCH 5 ACTIVE",1,0,visible,,"<h1><strong>RELOJ REDMI WATCH 5 ACTIVE</strong></h1>\n<h3>Batería 12 DIAS\nDuración Batería 470 MAH\nBluetooth 5.3\nResolución pantalla 320 X 386\nGarantía 12 MESES</h3>",,,taxable,,1,,,0,0,,,,,0,,154000,225000,"Dispositivos Especiales",,,"https://tntltda.com/wp-content/uploads/2025/03/RELOJ-REDMI-WATCH-5-ACTIVE.webp, https://tntltda.com/wp-content/uploads/2025/03/RELOJ-REDMI-WATCH-5-ACTIVE-.webp, https://tntltda.com/wp-content/uploads/2025/03/RELOJ-REDMI-WATCH-5-ACTIVE-.jpg",,,,,,,,,0,
3602,simple,,,"RELOJ REDMI WATCH 5 LITE",1,0,visible,,"<h1><strong>RELOJ REDMI WATCH 5 LITE</strong></h1>\n<h3>Batería 470 mAh- Hasta 18 días\nPosicionamiento GNSS (GPS, Galileo, GLONASS, BeiDou y QZSS)\nSalud: Sensor de frecuencia cardíaca/Sensor de oxígeno en sangre\nConectividad: Bluetooth 5.3\nCompatibilidad: Android 8.0 o iOS 12.0 y superiores</h3>",,,taxable,,1,,,0,0,,,,,0,,229900,299999,"Dispositivos Especiales",,,"https://tntltda.com/wp-content/uploads/2025/03/RELOJ-REDMI-WATCH-5-LITE.png, https://tntltda.com/wp-content/uploads/2025/03/RELOJ-REDMI-WATCH-5-LITE-.webp",,,,,,,,,0,
3605,simple,,,"CARGADOR XIAOMI 33W TIPO A / TIPO C",1,0,visible,,"<h1><strong>CARGADOR XIAOMI 33W TIPO A / TIPO C</strong></h1>\n<h3>Cargador tipo C 33W versión de turbo Carga\nTipo de interfaz: Tipo C</h3>\n<h3>El cargador de 33W cuenta con protección contra cortocircuitos, protección contra sobrevoltaje, protección contra sobrecalentamiento, protección contra bajo voltaje. Compatible con celulares de otras marcas.</h3>\n<h3>Compatibles con una gran variedad de equipos Xiaomi con un Max. de 33W</h3>",,,taxable,,1,,,0,0,,,,,0,,69000,87000,"Dispositivos Especiales",,,"https://tntltda.com/wp-content/uploads/2025/03/CARGADOR-XIAOMI-33W-TIPO-A-TIPO-C-.webp, https://tntltda.com/wp-content/uploads/2025/03/CARGADOR-XIAOMI-33W-TIPO-A-TIPO-C.webp",,,,,,,,,0,
3608,simple,,,"CABLE TIPO C - TIPO C 1.50 CM",1,0,visible,,"CABLE TIPO C - TIPO C 1.50 CM\n\nCon el Cable XIAOMI USB Tipo C a USB Tipo C, tendrás una transferencia eficaz de datos hacia tus dispositivos Xiaomi como teléfonos o tablets, carga o sincroniza tus datos de forma segura y ágil.\n\nSu extensión de 150 cm brinda mayor cobertura y capacidad de espacio para que nada te impida compartir datos o cargar tu dispositivo de forma rápida, ya que además, es compatible con corriente de 5A y cuenta con un chip E-mark que proporciona una potencia de hasta 100W.\n\n- Extensión de hasta 150 cm, mayor cobertura de espacio\n\n- Transferencia eficaz y segura de datos\n\n- Compatible con corriente de 5A\n\n&nbsp;",,,taxable,,1,,,0,0,,,,,0,,35000,46000,"Dispositivos Especiales",,,"https://tntltda.com/wp-content/uploads/2025/03/CABLE-TIPO-C-TIPO-C-150-CM.png, https://tntltda.com/wp-content/uploads/2025/03/CABLE-TIPO-C.png",,,,,,,,,0,
3611,simple,,,"AUDIFONO REDMI BUDS  6 ACTIVE",1,0,visible,,"<h1><strong>AUDIFONO REDMI BUDS 6 ACTIVE</strong></h1>\n<h3>Gran driver dinámico de 14.2mm para un sonido potente y baja distorsión\nReducción de ruido con micrófono dual para mayor claridad en la voz\nHasta 30 horas de duración de batería con el estuche de carga\nCancelación de ruido del viento hasta 4m/s para llamadas</h3>",,,taxable,,1,,,0,0,,,,,0,,79000,91000,"Dispositivos Especiales",,,"https://tntltda.com/wp-content/uploads/2025/03/AUDIFONO-REDMI-BUDS-6-ACTIVE.webp, https://tntltda.com/wp-content/uploads/2025/03/AUDIFONO-REDMI-BUDS-6-ACTIVE-.webp",,,,,,,,,0,
3614,simple,,,"AUDIFONO REDMI BUDS 5",1,0,visible,,"<h1><strong>AUDIFONO REDMI BUDS 5</strong></h1>\n<h3>Cancelación de ruido: Evita el molesto ruido ambiental\nHasta 38 Horas de batería con el estuche de carga\nSonido Inmersivo de alta definición\nConexión de dispositivo dual, cambie libremente de equipo\nDetección de audífonos</h3>",,,taxable,,1,,,0,0,,,,,0,,169000,203000,"Dispositivos Especiales",,,"https://tntltda.com/wp-content/uploads/2025/03/AUDIFONO-REDMI-BUDS-5-.webp, https://tntltda.com/wp-content/uploads/2025/03/AUDIFONO-REDMI-BUDS-5.png",,,,,,,,,0,
